font,filename,relative_path,white_ratio,dark_ratio,border_mean,border_dark_ratio,reason
OuyxBF,乃.png,fontdata_example/font/train/new/OuyxBF/images_white_bg_mask_denoised/乃.png,0.126091,0.802650,139.571426,0.453125,low_white_high_dark;dark_border_low_white
OuyxBF,人.png,fontdata_example/font/train/new/OuyxBF/images_white_bg_mask_denoised/人.png,0.387187,0.567119,174.477676,0.316964,low_white_high_dark;dark_border_low_white
OuyxBF,伐.png,fontdata_example/font/train/new/OuyxBF/images_white_bg_mask_denoised/伐.png,0.055863,0.839515,62.530132,1.000000,low_white_high_dark;dark_border_low_white
OuyxBF,位.png,fontdata_example/font/train/new/OuyxBF/images_white_bg_mask_denoised/位.png,0.099086,0.789222,136.084824,0.466518,low_white_high_dark;dark_border_low_white
OuyxBF,光.png,fontdata_example/font/train/new/OuyxBF/images_white_bg_mask_denoised/光.png,0.136579,0.756876,141.555801,0.446429,low_white_high_dark;dark_border_low_white
OuyxBF,冬.png,fontdata_example/font/train/new/OuyxBF/images_white_bg_mask_denoised/冬.png,0.155976,0.767738,140.049103,0.450893,low_white_high_dark;dark_border_low_white
OuyxBF,出.png,fontdata_example/font/train/new/OuyxBF/images_white_bg_mask_denoised/出.png,0.100496,0.806705,134.084824,0.475446,low_white_high_dark;dark_border_low_white
OuyxBF,列.png,fontdata_example/font/train/new/OuyxBF/images_white_bg_mask_denoised/列.png,0.053581,0.850890,128.435272,0.497768,low_white_high_dark;dark_border_low_white
OuyxBF,制.png,fontdata_example/font/train/new/OuyxBF/images_white_bg_mask_denoised/制.png,0.123321,0.762073,137.655136,0.462054,low_white_high_dark;dark_border_low_white
OuyxBF,召.png,fontdata_example/font/train/new/OuyxBF/images_white_bg_mask_denoised/召.png,0.094084,0.815933,37.178566,1.000000,low_white_high_dark;dark_border_low_white
OuyxBF,吊.png,fontdata_example/font/train/new/OuyxBF/images_white_bg_mask_denoised/吊.png,0.155991,0.765042,141.361603,0.446429,low_white_high_dark;dark_border_low_white
OuyxBF,唐.png,fontdata_example/font/train/new/OuyxBF/images_white_bg_mask_denoised/唐.png,0.097711,0.786815,133.849335,0.475446,low_white_high_dark;dark_border_low_white
OuyxBF,國.png,fontdata_example/font/train/new/OuyxBF/images_white_bg_mask_denoised/國.png,0.229412,0.619006,142.189728,0.444196,low_white_high_dark;dark_border_low_white
OuyxBF,地.png,fontdata_example/font/train/new/OuyxBF/images_white_bg_mask_denoised/地.png,0.247902,0.660485,151.670761,0.406250,low_white_high_dark;dark_border_low_white
OuyxBF,坐.png,fontdata_example/font/train/new/OuyxBF/images_white_bg_mask_denoised/坐.png,0.085823,0.828080,131.794647,0.484375,low_white_high_dark;dark_border_low_white
OuyxBF,夜.png,fontdata_example/font/train/new/OuyxBF/images_white_bg_mask_denoised/夜.png,0.106391,0.780139,138.393967,0.457589,low_white_high_dark;dark_border_low_white
OuyxBF,天.png,fontdata_example/font/train/new/OuyxBF/images_white_bg_mask_denoised/天.png,0.176967,0.756612,142.787949,0.441964,low_white_high_dark;dark_border_low_white
OuyxBF,始.png,fontdata_example/font/train/new/OuyxBF/images_white_bg_mask_denoised/始.png,0.165592,0.688078,137.562500,0.462054,low_white_high_dark;dark_border_low_white
OuyxBF,字.png,fontdata_example/font/train/new/OuyxBF/images_white_bg_mask_denoised/字.png,0.136171,0.765346,138.652908,0.457589,low_white_high_dark;dark_border_low_white
OuyxBF,宇.png,fontdata_example/font/train/new/OuyxBF/images_white_bg_mask_denoised/宇.png,0.112748,0.802351,133.805801,0.475446,low_white_high_dark;dark_border_low_white
OuyxBF,官.png,fontdata_example/font/train/new/OuyxBF/images_white_bg_mask_denoised/官.png,0.173260,0.711630,139.971542,0.452009,low_white_high_dark;dark_border_low_white
OuyxBF,宙.png,fontdata_example/font/train/new/OuyxBF/images_white_bg_mask_denoised/宙.png,0.135951,0.753822,134.207596,0.474330,low_white_high_dark;dark_border_low_white
OuyxBF,宿.png,fontdata_example/font/train/new/OuyxBF/images_white_bg_mask_denoised/宿.png,0.063442,0.816571,17.835938,1.000000,low_white_high_dark;dark_border_low_white
OuyxBF,寒.png,fontdata_example/font/train/new/OuyxBF/images_white_bg_mask_denoised/寒.png,0.125618,0.757205,136.882248,0.464286,low_white_high_dark;dark_border_low_white
OuyxBF,岡.png,fontdata_example/font/train/new/OuyxBF/images_white_bg_mask_denoised/岡.png,0.161063,0.718381,144.866074,0.433036,low_white_high_dark;dark_border_low_white
OuyxBF,崐.png,fontdata_example/font/train/new/OuyxBF/images_white_bg_mask_denoised/崐.png,0.068180,0.792680,133.700897,0.475446,low_white_high_dark;dark_border_low_white
OuyxBF,巨.png,fontdata_example/font/train/new/OuyxBF/images_white_bg_mask_denoised/巨.png,0.102175,0.788928,137.901779,0.459821,low_white_high_dark;dark_border_low_white
OuyxBF,帝.png,fontdata_example/font/train/new/OuyxBF/images_white_bg_mask_denoised/帝.png,0.059097,0.829326,126.832588,0.495536,low_white_high_dark;dark_border_low_white
OuyxBF,師.png,fontdata_example/font/train/new/OuyxBF/images_white_bg_mask_denoised/師.png,0.200863,0.678063,145.263947,0.430804,low_white_high_dark;dark_border_low_white
OuyxBF,張.png,fontdata_example/font/train/new/OuyxBF/images_white_bg_mask_denoised/張.png,0.222467,0.675323,151.756699,0.406250,low_white_high_dark;dark_border_low_white
OuyxBF,往.png,fontdata_example/font/train/new/OuyxBF/images_white_bg_mask_denoised/往.png,0.166623,0.759955,142.055801,0.444196,low_white_high_dark;dark_border_low_white
OuyxBF,律.png,fontdata_example/font/train/new/OuyxBF/images_white_bg_mask_denoised/律.png,0.174526,0.735038,148.092636,0.421875,low_white_high_dark;dark_border_low_white
OuyxBF,成.png,fontdata_example/font/train/new/OuyxBF/images_white_bg_mask_denoised/成.png,0.062166,0.832295,131.596542,0.488839,low_white_high_dark;dark_border_low_white
OuyxBF,拱.png,fontdata_example/font/train/new/OuyxBF/images_white_bg_mask_denoised/拱.png,0.127955,0.751246,130.702011,0.488839,low_white_high_dark;dark_border_low_white
OuyxBF,推.png,fontdata_example/font/train/new/OuyxBF/images_white_bg_mask_denoised/推.png,0.175931,0.712940,145.662949,0.428571,low_white_high_dark;dark_border_low_white
OuyxBF,收.png,fontdata_example/font/train/new/OuyxBF/images_white_bg_mask_denoised/收.png,0.186778,0.732342,144.716522,0.433036,low_white_high_dark;dark_border_low_white
OuyxBF,文.png,fontdata_example/font/train/new/OuyxBF/images_white_bg_mask_denoised/文.png,0.216259,0.713693,148.113846,0.419643,low_white_high_dark;dark_border_low_white
OuyxBF,日.png,fontdata_example/font/train/new/OuyxBF/images_white_bg_mask_denoised/日.png,0.226453,0.722626,148.596542,0.417411,low_white_high_dark;dark_border_low_white
OuyxBF,昃.png,fontdata_example/font/train/new/OuyxBF/images_white_bg_mask_denoised/昃.png,0.164680,0.753433,141.401779,0.446429,low_white_high_dark;dark_border_low_white
OuyxBF,暑.png,fontdata_example/font/train/new/OuyxBF/images_white_bg_mask_denoised/暑.png,0.112798,0.783163,135.451447,0.469866,low_white_high_dark;dark_border_low_white
OuyxBF,月.png,fontdata_example/font/train/new/OuyxBF/images_white_bg_mask_denoised/月.png,0.102350,0.816969,133.779022,0.476562,low_white_high_dark;dark_border_low_white
OuyxBF,有.png,fontdata_example/font/train/new/OuyxBF/images_white_bg_mask_denoised/有.png,0.099594,0.803218,126.929131,0.495536,low_white_high_dark;dark_border_low_white
OuyxBF,服.png,fontdata_example/font/train/new/OuyxBF/images_white_bg_mask_denoised/服.png,0.112409,0.759771,135.488846,0.469866,low_white_high_dark;dark_border_low_white
OuyxBF,朝.png,fontdata_example/font/train/new/OuyxBF/images_white_bg_mask_denoised/朝.png,0.126161,0.751933,134.126114,0.475446,low_white_high_dark;dark_border_low_white
OuyxBF,李.png,fontdata_example/font/train/new/OuyxBF/images_white_bg_mask_denoised/李.png,0.250424,0.656195,156.399551,0.387277,low_white_high_dark;dark_border_low_white
OuyxBF,来.png,fontdata_example/font/train/new/OuyxBF/images_white_bg_mask_denoised/来.png,0.113760,0.794324,133.353790,0.477679,low_white_high_dark;dark_border_low_white
OuyxBF,歲.png,fontdata_example/font/train/new/OuyxBF/images_white_bg_mask_denoised/歲.png,0.113949,0.795505,137.935272,0.459821,low_white_high_dark;dark_border_low_white
OuyxBF,殷.png,fontdata_example/font/train/new/OuyxBF/images_white_bg_mask_denoised/殷.png,0.055853,0.814204,91.417969,1.000000,low_white_high_dark;dark_border_low_white
OuyxBF,民.png,fontdata_example/font/train/new/OuyxBF/images_white_bg_mask_denoised/民.png,0.189353,0.703414,139.449783,0.454241,low_white_high_dark;dark_border_low_white
OuyxBF,水.png,fontdata_example/font/train/new/OuyxBF/images_white_bg_mask_denoised/水.png,0.133465,0.794947,143.687500,0.437500,low_white_high_dark;dark_border_low_white
OuyxBF,河.png,fontdata_example/font/train/new/OuyxBF/images_white_bg_mask_denoised/河.png,0.081927,0.803676,135.044083,0.470982,low_white_high_dark;dark_border_low_white
OuyxBF,洪.png,fontdata_example/font/train/new/OuyxBF/images_white_bg_mask_denoised/洪.png,0.134556,0.766034,138.522873,0.457589,low_white_high_dark;dark_border_low_white
OuyxBF,海.png,fontdata_example/font/train/new/OuyxBF/images_white_bg_mask_denoised/海.png,0.151297,0.724485,143.389511,0.438616,low_white_high_dark;dark_border_low_white
OuyxBF,淡.png,fontdata_example/font/train/new/OuyxBF/images_white_bg_mask_denoised/淡.png,0.119345,0.769940,141.727127,0.444196,low_white_high_dark;dark_border_low_white
OuyxBF,湯.png,fontdata_example/font/train/new/OuyxBF/images_white_bg_mask_denoised/湯.png,0.066028,0.811080,105.762833,0.748884,low_white_high_dark;dark_border_low_white
OuyxBF,潛.png,fontdata_example/font/train/new/OuyxBF/images_white_bg_mask_denoised/潛.png,0.086231,0.802625,136.443085,0.465402,low_white_high_dark;dark_border_low_white
OuyxBF,火.png,fontdata_example/font/train/new/OuyxBF/images_white_bg_mask_denoised/火.png,0.112947,0.822789,138.415176,0.457589,low_white_high_dark;dark_border_low_white
OuyxBF,玄.png,fontdata_example/font/train/new/OuyxBF/images_white_bg_mask_denoised/玄.png,0.205880,0.730738,142.725449,0.440848,low_white_high_dark;dark_border_low_white
OuyxBF,玉.png,fontdata_example/font/train/new/OuyxBF/images_white_bg_mask_denoised/玉.png,0.232422,0.704590,151.178574,0.408482,low_white_high_dark;dark_border_low_white
OuyxBF,珎.png,fontdata_example/font/train/new/OuyxBF/images_white_bg_mask_denoised/珎.png,0.071204,0.815808,128.765625,0.493304,low_white_high_dark;dark_border_low_white
OuyxBF,珠.png,fontdata_example/font/train/new/OuyxBF/images_white_bg_mask_denoised/珠.png,0.058913,0.825375,131.739960,0.484375,low_white_high_dark;dark_border_low_white
OuyxBF,生.png,fontdata_example/font/train/new/OuyxBF/images_white_bg_mask_denoised/生.png,0.075375,0.844617,133.102676,0.478795,low_white_high_dark;dark_border_low_white
OuyxBF,皇.png,fontdata_example/font/train/new/OuyxBF/images_white_bg_mask_denoised/皇.png,0.277917,0.630810,155.727676,0.390625,low_white_high_dark;dark_border_low_white
OuyxBF,盈.png,fontdata_example/font/train/new/OuyxBF/images_white_bg_mask_denoised/盈.png,0.133929,0.747275,138.665176,0.457589,low_white_high_dark;dark_border_low_white
OuyxBF,秋.png,fontdata_example/font/train/new/OuyxBF/images_white_bg_mask_denoised/秋.png,0.188357,0.719582,143.574783,0.437500,low_white_high_dark;dark_border_low_white
OuyxBF,稱.png,fontdata_example/font/train/new/OuyxBF/images_white_bg_mask_denoised/稱.png,0.062415,0.786118,130.059708,0.491071,low_white_high_dark;dark_border_low_white
OuyxBF,结.png,fontdata_example/font/train/new/OuyxBF/images_white_bg_mask_denoised/结.png,0.117327,0.765595,138.691971,0.457589,low_white_high_dark;dark_border_low_white
OuyxBF,罪.png,fontdata_example/font/train/new/OuyxBF/images_white_bg_mask_denoised/罪.png,0.207619,0.678706,138.860489,0.456473,low_white_high_dark;dark_border_low_white
OuyxBF,羽.png,fontdata_example/font/train/new/OuyxBF/images_white_bg_mask_denoised/羽.png,0.107128,0.764215,133.317520,0.477679,low_white_high_dark;dark_border_low_white
OuyxBF,翔.png,fontdata_example/font/train/new/OuyxBF/images_white_bg_mask_denoised/翔.png,0.071972,0.777563,128.403458,0.497768,low_white_high_dark;dark_border_low_white
OuyxBF,致.png,fontdata_example/font/train/new/OuyxBF/images_white_bg_mask_denoised/致.png,0.049072,0.836794,129.928574,0.491071,low_white_high_dark;dark_border_low_white
OuyxBF,芥.png,fontdata_example/font/train/new/OuyxBF/images_white_bg_mask_denoised/芥.png,0.220738,0.699408,153.562500,0.399554,low_white_high_dark;dark_border_low_white
OuyxBF,荒.png,fontdata_example/font/train/new/OuyxBF/images_white_bg_mask_denoised/荒.png,0.170674,0.734161,147.107147,0.428013,low_white_high_dark;dark_border_low_white
OuyxBF,菓.png,fontdata_example/font/train/new/OuyxBF/images_white_bg_mask_denoised/菓.png,0.224764,0.650590,150.851562,0.408482,low_white_high_dark;dark_border_low_white
OuyxBF,菜.png,fontdata_example/font/train/new/OuyxBF/images_white_bg_mask_denoised/菜.png,0.037652,0.872648,129.890060,0.491071,low_white_high_dark;dark_border_low_white
OuyxBF,藏.png,fontdata_example/font/train/new/OuyxBF/images_white_bg_mask_denoised/藏.png,0.078245,0.811115,132.404022,0.482143,low_white_high_dark;dark_border_low_white
OuyxBF,虞.png,fontdata_example/font/train/new/OuyxBF/images_white_bg_mask_denoised/虞.png,0.130062,0.758221,136.148438,0.466518,low_white_high_dark;dark_border_low_white
OuyxBF,號.png,fontdata_example/font/train/new/OuyxBF/images_white_bg_mask_denoised/號.png,0.249063,0.618299,157.306915,0.383929,low_white_high_dark;dark_border_low_white
OuyxBF,衣.png,fontdata_example/font/train/new/OuyxBF/images_white_bg_mask_denoised/衣.png,0.090915,0.810642,134.188614,0.474330,low_white_high_dark;dark_border_low_white
OuyxBF,裳.png,fontdata_example/font/train/new/OuyxBF/images_white_bg_mask_denoised/裳.png,0.083760,0.766866,130.566971,0.488839,low_white_high_dark;dark_border_low_white
OuyxBF,調.png,fontdata_example/font/train/new/OuyxBF/images_white_bg_mask_denoised/調.png,0.185841,0.677924,147.162384,0.424107,low_white_high_dark;dark_border_low_white
OuyxBF,讓.png,fontdata_example/font/train/new/OuyxBF/images_white_bg_mask_denoised/讓.png,0.091687,0.753707,127.301895,0.494420,low_white_high_dark;dark_border_low_white
OuyxBF,辰.png,fontdata_example/font/train/new/OuyxBF/images_white_bg_mask_denoised/辰.png,0.125085,0.783507,138.647324,0.457589,low_white_high_dark;dark_border_low_white
OuyxBF,道.png,fontdata_example/font/train/new/OuyxBF/images_white_bg_mask_denoised/道.png,0.055435,0.821678,129.152908,0.493304,low_white_high_dark;dark_border_low_white
OuyxBF,醎.png,fontdata_example/font/train/new/OuyxBF/images_white_bg_mask_denoised/醎.png,0.252008,0.641597,155.092636,0.392857,low_white_high_dark;dark_border_low_white
OuyxBF,重.png,fontdata_example/font/train/new/OuyxBF/images_white_bg_mask_denoised/重.png,0.193374,0.721505,145.415176,0.430804,low_white_high_dark;dark_border_low_white
OuyxBF,金.png,fontdata_example/font/train/new/OuyxBF/images_white_bg_mask_denoised/金.png,0.197166,0.725202,149.351562,0.415179,low_white_high_dark;dark_border_low_white
OuyxBF,釼.png,fontdata_example/font/train/new/OuyxBF/images_white_bg_mask_denoised/釼.png,0.169982,0.724500,145.030136,0.433036,low_white_high_dark;dark_border_low_white
OuyxBF,问.png,fontdata_example/font/train/new/OuyxBF/images_white_bg_mask_denoised/问.png,0.171885,0.728117,138.675217,0.457589,low_white_high_dark;dark_border_low_white
OuyxBF,闰.png,fontdata_example/font/train/new/OuyxBF/images_white_bg_mask_denoised/闰.png,0.155144,0.734794,136.245529,0.466518,low_white_high_dark;dark_border_low_white
OuyxBF,阙.png,fontdata_example/font/train/new/OuyxBF/images_white_bg_mask_denoised/阙.png,0.077183,0.761719,134.604904,0.473214,low_white_high_dark;dark_border_low_white
OuyxBF,陽.png,fontdata_example/font/train/new/OuyxBF/images_white_bg_mask_denoised/陽.png,0.029486,0.835982,77.981583,1.000000,low_white_high_dark;dark_border_low_white
OuyxBF,雨.png,fontdata_example/font/train/new/OuyxBF/images_white_bg_mask_denoised/雨.png,0.131328,0.755864,142.070312,0.444196,low_white_high_dark;dark_border_low_white
OuyxBF,雲.png,fontdata_example/font/train/new/OuyxBF/images_white_bg_mask_denoised/雲.png,0.060382,0.835514,132.014511,0.483259,low_white_high_dark;dark_border_low_white
OuyxBF,霜.png,fontdata_example/font/train/new/OuyxBF/images_white_bg_mask_denoised/霜.png,0.120845,0.757803,140.620529,0.448661,low_white_high_dark;dark_border_low_white
OuyxBF,馀.png,fontdata_example/font/train/new/OuyxBF/images_white_bg_mask_denoised/馀.png,0.137511,0.740284,136.094864,0.466518,low_white_high_dark;dark_border_low_white
OuyxBF,騰.png,fontdata_example/font/train/new/OuyxBF/images_white_bg_mask_denoised/騰.png,0.078454,0.773009,131.757812,0.484375,low_white_high_dark;dark_border_low_white
OuyxBF,鳥.png,fontdata_example/font/train/new/OuyxBF/images_white_bg_mask_denoised/鳥.png,0.106605,0.759536,133.738846,0.475446,low_white_high_dark;dark_border_low_white
OuyxBF,麗.png,fontdata_example/font/train/new/OuyxBF/images_white_bg_mask_denoised/麗.png,0.128433,0.749402,140.160721,0.450893,low_white_high_dark;dark_border_low_white
OuyxBF,黄.png,fontdata_example/font/train/new/OuyxBF/images_white_bg_mask_denoised/黄.png,0.123077,0.768540,135.756134,0.468750,low_white_high_dark;dark_border_low_white
OuyxBF,龍.png,fontdata_example/font/train/new/OuyxBF/images_white_bg_mask_denoised/龍.png,0.150276,0.721067,137.158478,0.462054,low_white_high_dark;dark_border_low_white
OuyxJT,伐.png,fontdata_example/font/train/new/OuyxJT/images_white_bg_mask_denoised/伐.png,0.055863,0.839515,62.530132,1.000000,low_white_high_dark;dark_border_low_white
OuyxJT,位.png,fontdata_example/font/train/new/OuyxJT/images_white_bg_mask_denoised/位.png,0.099086,0.789222,136.084824,0.466518,low_white_high_dark;dark_border_low_white
OuyxJT,光.png,fontdata_example/font/train/new/OuyxJT/images_white_bg_mask_denoised/光.png,0.136579,0.756876,141.555801,0.446429,low_white_high_dark;dark_border_low_white
OuyxJT,冬.png,fontdata_example/font/train/new/OuyxJT/images_white_bg_mask_denoised/冬.png,0.155976,0.767738,140.049103,0.450893,low_white_high_dark;dark_border_low_white
OuyxJT,列.png,fontdata_example/font/train/new/OuyxJT/images_white_bg_mask_denoised/列.png,0.053581,0.850890,128.435272,0.497768,low_white_high_dark;dark_border_low_white
OuyxJT,制.png,fontdata_example/font/train/new/OuyxJT/images_white_bg_mask_denoised/制.png,0.123321,0.762073,137.655136,0.462054,low_white_high_dark;dark_border_low_white
OuyxJT,召.png,fontdata_example/font/train/new/OuyxJT/images_white_bg_mask_denoised/召.png,0.094084,0.815933,37.178566,1.000000,low_white_high_dark;dark_border_low_white
OuyxJT,吊.png,fontdata_example/font/train/new/OuyxJT/images_white_bg_mask_denoised/吊.png,0.155991,0.765042,141.361603,0.446429,low_white_high_dark;dark_border_low_white
OuyxJT,唐.png,fontdata_example/font/train/new/OuyxJT/images_white_bg_mask_denoised/唐.png,0.097711,0.786815,133.849335,0.475446,low_white_high_dark;dark_border_low_white
OuyxJT,地.png,fontdata_example/font/train/new/OuyxJT/images_white_bg_mask_denoised/地.png,0.247902,0.660485,151.670761,0.406250,low_white_high_dark;dark_border_low_white
OuyxJT,夜.png,fontdata_example/font/train/new/OuyxJT/images_white_bg_mask_denoised/夜.png,0.106391,0.780139,138.393967,0.457589,low_white_high_dark;dark_border_low_white
OuyxJT,始.png,fontdata_example/font/train/new/OuyxJT/images_white_bg_mask_denoised/始.png,0.165592,0.688078,137.562500,0.462054,low_white_high_dark;dark_border_low_white
OuyxJT,字.png,fontdata_example/font/train/new/OuyxJT/images_white_bg_mask_denoised/字.png,0.136171,0.765346,138.652908,0.457589,low_white_high_dark;dark_border_low_white
OuyxJT,宇.png,fontdata_example/font/train/new/OuyxJT/images_white_bg_mask_denoised/宇.png,0.112748,0.802351,133.805801,0.475446,low_white_high_dark;dark_border_low_white
OuyxJT,官.png,fontdata_example/font/train/new/OuyxJT/images_white_bg_mask_denoised/官.png,0.173260,0.711630,139.971542,0.452009,low_white_high_dark;dark_border_low_white
OuyxJT,宙.png,fontdata_example/font/train/new/OuyxJT/images_white_bg_mask_denoised/宙.png,0.135951,0.753822,134.207596,0.474330,low_white_high_dark;dark_border_low_white
OuyxJT,宿.png,fontdata_example/font/train/new/OuyxJT/images_white_bg_mask_denoised/宿.png,0.063442,0.816571,17.835938,1.000000,low_white_high_dark;dark_border_low_white
OuyxJT,寒.png,fontdata_example/font/train/new/OuyxJT/images_white_bg_mask_denoised/寒.png,0.125618,0.757205,136.882248,0.464286,low_white_high_dark;dark_border_low_white
OuyxJT,崐.png,fontdata_example/font/train/new/OuyxJT/images_white_bg_mask_denoised/崐.png,0.068180,0.792680,133.700897,0.475446,low_white_high_dark;dark_border_low_white
OuyxJT,崗.png,fontdata_example/font/train/new/OuyxJT/images_white_bg_mask_denoised/崗.png,0.161063,0.718381,144.866074,0.433036,low_white_high_dark;dark_border_low_white
OuyxJT,帝.png,fontdata_example/font/train/new/OuyxJT/images_white_bg_mask_denoised/帝.png,0.059097,0.829326,126.832588,0.495536,low_white_high_dark;dark_border_low_white
OuyxJT,師.png,fontdata_example/font/train/new/OuyxJT/images_white_bg_mask_denoised/師.png,0.200863,0.678063,145.263947,0.430804,low_white_high_dark;dark_border_low_white
OuyxJT,張.png,fontdata_example/font/train/new/OuyxJT/images_white_bg_mask_denoised/張.png,0.222467,0.675323,151.756699,0.406250,low_white_high_dark;dark_border_low_white
OuyxJT,往.png,fontdata_example/font/train/new/OuyxJT/images_white_bg_mask_denoised/往.png,0.166623,0.759955,142.055801,0.444196,low_white_high_dark;dark_border_low_white
OuyxJT,律.png,fontdata_example/font/train/new/OuyxJT/images_white_bg_mask_denoised/律.png,0.174526,0.735038,148.092636,0.421875,low_white_high_dark;dark_border_low_white
OuyxJT,拱.png,fontdata_example/font/train/new/OuyxJT/images_white_bg_mask_denoised/拱.png,0.127955,0.751246,130.702011,0.488839,low_white_high_dark;dark_border_low_white
OuyxJT,推.png,fontdata_example/font/train/new/OuyxJT/images_white_bg_mask_denoised/推.png,0.175931,0.712940,145.662949,0.428571,low_white_high_dark;dark_border_low_white
OuyxJT,收.png,fontdata_example/font/train/new/OuyxJT/images_white_bg_mask_denoised/收.png,0.186778,0.732342,144.716522,0.433036,low_white_high_dark;dark_border_low_white
OuyxJT,昃.png,fontdata_example/font/train/new/OuyxJT/images_white_bg_mask_denoised/昃.png,0.164680,0.753433,141.401779,0.446429,low_white_high_dark;dark_border_low_white
OuyxJT,暑.png,fontdata_example/font/train/new/OuyxJT/images_white_bg_mask_denoised/暑.png,0.112798,0.783163,135.451447,0.469866,low_white_high_dark;dark_border_low_white
OuyxJT,服.png,fontdata_example/font/train/new/OuyxJT/images_white_bg_mask_denoised/服.png,0.112409,0.759771,135.488846,0.469866,low_white_high_dark;dark_border_low_white
OuyxJT,朝.png,fontdata_example/font/train/new/OuyxJT/images_white_bg_mask_denoised/朝.png,0.126161,0.751933,134.126114,0.475446,low_white_high_dark;dark_border_low_white
OuyxJT,李.png,fontdata_example/font/train/new/OuyxJT/images_white_bg_mask_denoised/李.png,0.250424,0.656195,156.399551,0.387277,low_white_high_dark;dark_border_low_white
OuyxJT,歲.png,fontdata_example/font/train/new/OuyxJT/images_white_bg_mask_denoised/歲.png,0.113949,0.795505,137.935272,0.459821,low_white_high_dark;dark_border_low_white
OuyxJT,殷.png,fontdata_example/font/train/new/OuyxJT/images_white_bg_mask_denoised/殷.png,0.055853,0.814204,91.417969,1.000000,low_white_high_dark;dark_border_low_white
OuyxJT,水.png,fontdata_example/font/train/new/OuyxJT/images_white_bg_mask_denoised/水.png,0.133465,0.794947,143.687500,0.437500,low_white_high_dark;dark_border_low_white
OuyxJT,河.png,fontdata_example/font/train/new/OuyxJT/images_white_bg_mask_denoised/河.png,0.081927,0.803676,135.044083,0.470982,low_white_high_dark;dark_border_low_white
OuyxJT,洪.png,fontdata_example/font/train/new/OuyxJT/images_white_bg_mask_denoised/洪.png,0.134556,0.766034,138.522873,0.457589,low_white_high_dark;dark_border_low_white
OuyxJT,海.png,fontdata_example/font/train/new/OuyxJT/images_white_bg_mask_denoised/海.png,0.151297,0.724485,143.389511,0.438616,low_white_high_dark;dark_border_low_white
OuyxJT,淡.png,fontdata_example/font/train/new/OuyxJT/images_white_bg_mask_denoised/淡.png,0.119345,0.769940,141.727127,0.444196,low_white_high_dark;dark_border_low_white
OuyxJT,湯.png,fontdata_example/font/train/new/OuyxJT/images_white_bg_mask_denoised/湯.png,0.066028,0.811080,105.762833,0.748884,low_white_high_dark;dark_border_low_white
OuyxJT,潛.png,fontdata_example/font/train/new/OuyxJT/images_white_bg_mask_denoised/潛.png,0.086231,0.802625,136.443085,0.465402,low_white_high_dark;dark_border_low_white
OuyxJT,珎.png,fontdata_example/font/train/new/OuyxJT/images_white_bg_mask_denoised/珎.png,0.071204,0.815808,128.765625,0.493304,low_white_high_dark;dark_border_low_white
OuyxJT,珠.png,fontdata_example/font/train/new/OuyxJT/images_white_bg_mask_denoised/珠.png,0.058913,0.825375,131.739960,0.484375,low_white_high_dark;dark_border_low_white
OuyxJT,皇.png,fontdata_example/font/train/new/OuyxJT/images_white_bg_mask_denoised/皇.png,0.277917,0.630810,155.727676,0.390625,low_white_high_dark;dark_border_low_white
OuyxJT,盈.png,fontdata_example/font/train/new/OuyxJT/images_white_bg_mask_denoised/盈.png,0.133929,0.747275,138.665176,0.457589,low_white_high_dark;dark_border_low_white
OuyxJT,秋.png,fontdata_example/font/train/new/OuyxJT/images_white_bg_mask_denoised/秋.png,0.188357,0.719582,143.574783,0.437500,low_white_high_dark;dark_border_low_white
OuyxJT,稱.png,fontdata_example/font/train/new/OuyxJT/images_white_bg_mask_denoised/稱.png,0.062415,0.786118,130.059708,0.491071,low_white_high_dark;dark_border_low_white
OuyxJT,结.png,fontdata_example/font/train/new/OuyxJT/images_white_bg_mask_denoised/结.png,0.117327,0.765595,138.691971,0.457589,low_white_high_dark;dark_border_low_white
OuyxJT,罪.png,fontdata_example/font/train/new/OuyxJT/images_white_bg_mask_denoised/罪.png,0.207619,0.678706,138.860489,0.456473,low_white_high_dark;dark_border_low_white
OuyxJT,羽.png,fontdata_example/font/train/new/OuyxJT/images_white_bg_mask_denoised/羽.png,0.107128,0.764215,133.317520,0.477679,low_white_high_dark;dark_border_low_white
OuyxJT,翔.png,fontdata_example/font/train/new/OuyxJT/images_white_bg_mask_denoised/翔.png,0.071972,0.777563,128.403458,0.497768,low_white_high_dark;dark_border_low_white
OuyxJT,致.png,fontdata_example/font/train/new/OuyxJT/images_white_bg_mask_denoised/致.png,0.049072,0.836794,129.928574,0.491071,low_white_high_dark;dark_border_low_white
OuyxJT,芥.png,fontdata_example/font/train/new/OuyxJT/images_white_bg_mask_denoised/芥.png,0.220738,0.699408,153.562500,0.399554,low_white_high_dark;dark_border_low_white
OuyxJT,荒.png,fontdata_example/font/train/new/OuyxJT/images_white_bg_mask_denoised/荒.png,0.170674,0.734161,147.107147,0.428013,low_white_high_dark;dark_border_low_white
OuyxJT,菓.png,fontdata_example/font/train/new/OuyxJT/images_white_bg_mask_denoised/菓.png,0.224764,0.650590,150.851562,0.408482,low_white_high_dark;dark_border_low_white
OuyxJT,菜.png,fontdata_example/font/train/new/OuyxJT/images_white_bg_mask_denoised/菜.png,0.037652,0.872648,129.890060,0.491071,low_white_high_dark;dark_border_low_white
OuyxJT,藏.png,fontdata_example/font/train/new/OuyxJT/images_white_bg_mask_denoised/藏.png,0.078245,0.811115,132.404022,0.482143,low_white_high_dark;dark_border_low_white
OuyxJT,虞.png,fontdata_example/font/train/new/OuyxJT/images_white_bg_mask_denoised/虞.png,0.130062,0.758221,136.148438,0.466518,low_white_high_dark;dark_border_low_white
OuyxJT,號.png,fontdata_example/font/train/new/OuyxJT/images_white_bg_mask_denoised/號.png,0.249063,0.618299,157.306915,0.383929,low_white_high_dark;dark_border_low_white
OuyxJT,衣.png,fontdata_example/font/train/new/OuyxJT/images_white_bg_mask_denoised/衣.png,0.090915,0.810642,134.188614,0.474330,low_white_high_dark;dark_border_low_white
OuyxJT,裳.png,fontdata_example/font/train/new/OuyxJT/images_white_bg_mask_denoised/裳.png,0.083760,0.766866,130.566971,0.488839,low_white_high_dark;dark_border_low_white
OuyxJT,調.png,fontdata_example/font/train/new/OuyxJT/images_white_bg_mask_denoised/調.png,0.185841,0.677924,147.162384,0.424107,low_white_high_dark;dark_border_low_white
OuyxJT,讓.png,fontdata_example/font/train/new/OuyxJT/images_white_bg_mask_denoised/讓.png,0.091687,0.753707,127.301895,0.494420,low_white_high_dark;dark_border_low_white
OuyxJT,道.png,fontdata_example/font/train/new/OuyxJT/images_white_bg_mask_denoised/道.png,0.055435,0.821678,129.152908,0.493304,low_white_high_dark;dark_border_low_white
OuyxJT,醎.png,fontdata_example/font/train/new/OuyxJT/images_white_bg_mask_denoised/醎.png,0.252008,0.641597,155.092636,0.392857,low_white_high_dark;dark_border_low_white
OuyxJT,金.png,fontdata_example/font/train/new/OuyxJT/images_white_bg_mask_denoised/金.png,0.197166,0.725202,149.351562,0.415179,low_white_high_dark;dark_border_low_white
OuyxJT,釰.png,fontdata_example/font/train/new/OuyxJT/images_white_bg_mask_denoised/釰.png,0.169982,0.724500,145.030136,0.433036,low_white_high_dark;dark_border_low_white
OuyxJT,问.png,fontdata_example/font/train/new/OuyxJT/images_white_bg_mask_denoised/问.png,0.171885,0.728117,138.675217,0.457589,low_white_high_dark;dark_border_low_white
OuyxJT,闰.png,fontdata_example/font/train/new/OuyxJT/images_white_bg_mask_denoised/闰.png,0.155144,0.734794,136.245529,0.466518,low_white_high_dark;dark_border_low_white
OuyxJT,阙.png,fontdata_example/font/train/new/OuyxJT/images_white_bg_mask_denoised/阙.png,0.077183,0.761719,134.604904,0.473214,low_white_high_dark;dark_border_low_white
OuyxJT,陽.png,fontdata_example/font/train/new/OuyxJT/images_white_bg_mask_denoised/陽.png,0.029486,0.835982,77.981583,1.000000,low_white_high_dark;dark_border_low_white
OuyxJT,雲.png,fontdata_example/font/train/new/OuyxJT/images_white_bg_mask_denoised/雲.png,0.060382,0.835514,132.014511,0.483259,low_white_high_dark;dark_border_low_white
OuyxJT,霜.png,fontdata_example/font/train/new/OuyxJT/images_white_bg_mask_denoised/霜.png,0.120845,0.757803,140.620529,0.448661,low_white_high_dark;dark_border_low_white
OuyxJT,馀.png,fontdata_example/font/train/new/OuyxJT/images_white_bg_mask_denoised/馀.png,0.137511,0.740284,136.094864,0.466518,low_white_high_dark;dark_border_low_white
OuyxJT,騰.png,fontdata_example/font/train/new/OuyxJT/images_white_bg_mask_denoised/騰.png,0.078454,0.773009,131.757812,0.484375,low_white_high_dark;dark_border_low_white
OuyxJT,麗.png,fontdata_example/font/train/new/OuyxJT/images_white_bg_mask_denoised/麗.png,0.128433,0.749402,140.160721,0.450893,low_white_high_dark;dark_border_low_white
OuyxJT,黄.png,fontdata_example/font/train/new/OuyxJT/images_white_bg_mask_denoised/黄.png,0.123077,0.768540,135.756134,0.468750,low_white_high_dark;dark_border_low_white
OuyxJT,龍.png,fontdata_example/font/train/new/OuyxJT/images_white_bg_mask_denoised/龍.png,0.150276,0.721067,137.158478,0.462054,low_white_high_dark;dark_border_low_white
SushiBF,万.png,fontdata_example/font/train/new/SushiBF/images_white_bg_mask_denoised/万.png,0.386365,0.528211,172.830353,0.323661,low_white_high_dark;dark_border_low_white
SushiBF,三.png,fontdata_example/font/train/new/SushiBF/images_white_bg_mask_denoised/三.png,0.248366,0.692164,146.397324,0.426339,low_white_high_dark;dark_border_low_white
SushiBF,不.png,fontdata_example/font/train/new/SushiBF/images_white_bg_mask_denoised/不.png,0.317074,0.593023,162.286835,0.363839,low_white_high_dark;dark_border_low_white
SushiBF,不1.png,fontdata_example/font/train/new/SushiBF/images_white_bg_mask_denoised/不1.png,0.307602,0.619330,152.477676,0.402902,low_white_high_dark;dark_border_low_white
SushiBF,九.png,fontdata_example/font/train/new/SushiBF/images_white_bg_mask_denoised/九.png,0.336241,0.583357,154.549103,0.395089,low_white_high_dark;dark_border_low_white
SushiBF,也.png,fontdata_example/font/train/new/SushiBF/images_white_bg_mask_denoised/也.png,0.605339,0.329620,196.526230,0.229911,low_white_high_dark
SushiBF,二.png,fontdata_example/font/train/new/SushiBF/images_white_bg_mask_denoised/二.png,0.284180,0.666459,161.265625,0.368304,low_white_high_dark;dark_border_low_white
SushiBF,今.png,fontdata_example/font/train/new/SushiBF/images_white_bg_mask_denoised/今.png,0.422852,0.501769,173.950897,0.319196,low_white_high_dark;dark_border_low_white
SushiBF,何.png,fontdata_example/font/train/new/SushiBF/images_white_bg_mask_denoised/何.png,0.093257,0.801175,137.752228,0.466518,low_white_high_dark;dark_border_low_white
SushiBF,偷.png,fontdata_example/font/train/new/SushiBF/images_white_bg_mask_denoised/偷.png,0.372803,0.520089,167.564728,0.343750,low_white_high_dark;dark_border_low_white
SushiBF,力.png,fontdata_example/font/train/new/SushiBF/images_white_bg_mask_denoised/力.png,0.168148,0.755929,144.289062,0.435268,low_white_high_dark;dark_border_low_white
SushiBF,势.png,fontdata_example/font/train/new/SushiBF/images_white_bg_mask_denoised/势.png,0.163774,0.700405,131.036835,0.486607,low_white_high_dark;dark_border_low_white
SushiBF,又.png,fontdata_example/font/train/new/SushiBF/images_white_bg_mask_denoised/又.png,0.482796,0.451924,186.699783,0.268973,low_white_high_dark;dark_border_low_white
SushiBF,吹.png,fontdata_example/font/train/new/SushiBF/images_white_bg_mask_denoised/吹.png,0.238281,0.662403,152.064728,0.404018,low_white_high_dark;dark_border_low_white
SushiBF,哭.png,fontdata_example/font/train/new/SushiBF/images_white_bg_mask_denoised/哭.png,0.234858,0.642449,134.402908,0.473214,low_white_high_dark;dark_border_low_white
SushiBF,容.png,fontdata_example/font/train/new/SushiBF/images_white_bg_mask_denoised/容.png,0.231889,0.653659,141.691971,0.445312,low_white_high_dark;dark_border_low_white
SushiBF,寒.png,fontdata_example/font/train/new/SushiBF/images_white_bg_mask_denoised/寒.png,0.160226,0.712118,135.083145,0.470982,low_white_high_dark;dark_border_low_white
SushiBF,小.png,fontdata_example/font/train/new/SushiBF/images_white_bg_mask_denoised/小.png,0.418676,0.536581,176.424103,0.308036,low_white_high_dark;dark_border_low_white
SushiBF,少.png,fontdata_example/font/train/new/SushiBF/images_white_bg_mask_denoised/少.png,0.047837,0.839540,44.203125,1.000000,low_white_high_dark;dark_border_low_white
SushiBF,州.png,fontdata_example/font/train/new/SushiBF/images_white_bg_mask_denoised/州.png,0.224290,0.667914,151.381699,0.406250,low_white_high_dark;dark_border_low_white
SushiBF,州1.png,fontdata_example/font/train/new/SushiBF/images_white_bg_mask_denoised/州1.png,0.289915,0.613994,154.801346,0.392857,low_white_high_dark;dark_border_low_white
SushiBF,年.png,fontdata_example/font/train/new/SushiBF/images_white_bg_mask_denoised/年.png,0.313556,0.629230,167.191971,0.345982,low_white_high_dark;dark_border_low_white
SushiBF,庖.png,fontdata_example/font/train/new/SushiBF/images_white_bg_mask_denoised/庖.png,0.192821,0.678497,140.142853,0.450893,low_white_high_dark;dark_border_low_white
SushiBF,惜.png,fontdata_example/font/train/new/SushiBF/images_white_bg_mask_denoised/惜.png,0.120979,0.750927,132.989960,0.479911,low_white_high_dark;dark_border_low_white
SushiBF,惜1.png,fontdata_example/font/train/new/SushiBF/images_white_bg_mask_denoised/惜1.png,0.208810,0.674780,133.964279,0.475446,low_white_high_dark;dark_border_low_white
SushiBF,我.png,fontdata_example/font/train/new/SushiBF/images_white_bg_mask_denoised/我.png,0.170664,0.689628,133.897324,0.475446,low_white_high_dark;dark_border_low_white
SushiBF,户.png,fontdata_example/font/train/new/SushiBF/images_white_bg_mask_denoised/户.png,0.200953,0.729811,171.128342,0.342076,low_white_high_dark;dark_border_low_white
SushiBF,支.png,fontdata_example/font/train/new/SushiBF/images_white_bg_mask_denoised/支.png,0.150266,0.750164,131.370529,0.485491,low_white_high_dark;dark_border_low_white
SushiBF,春.png,fontdata_example/font/train/new/SushiBF/images_white_bg_mask_denoised/春.png,0.101572,0.792311,128.516739,0.496652,low_white_high_dark;dark_border_low_white
SushiBF,春1.png,fontdata_example/font/train/new/SushiBF/images_white_bg_mask_denoised/春1.png,0.324483,0.586715,140.194199,0.450893,low_white_high_dark;dark_border_low_white
SushiBF,是.png,fontdata_example/font/train/new/SushiBF/images_white_bg_mask_denoised/是.png,0.183639,0.700006,127.584824,0.495536,low_white_high_dark;dark_border_low_white
SushiBF,月.png,fontdata_example/font/train/new/SushiBF/images_white_bg_mask_denoised/月.png,0.108872,0.768081,134.784592,0.472098,low_white_high_dark;dark_border_low_white
SushiBF,有.png,fontdata_example/font/train/new/SushiBF/images_white_bg_mask_denoised/有.png,0.287050,0.624098,158.877228,0.377232,low_white_high_dark;dark_border_low_white
SushiBF,来.png,fontdata_example/font/train/new/SushiBF/images_white_bg_mask_denoised/来.png,0.262102,0.643430,137.687500,0.459821,low_white_high_dark;dark_border_low_white
SushiBF,棠.png,fontdata_example/font/train/new/SushiBF/images_white_bg_mask_denoised/棠.png,0.117247,0.745780,130.926346,0.486607,low_white_high_dark;dark_border_low_white
SushiBF,欲.png,fontdata_example/font/train/new/SushiBF/images_white_bg_mask_denoised/欲.png,0.321957,0.566855,158.970978,0.377232,low_white_high_dark;dark_border_low_white
SushiBF,欲1.png,fontdata_example/font/train/new/SushiBF/images_white_bg_mask_denoised/欲1.png,0.246218,0.632449,143.047989,0.439732,low_white_high_dark;dark_border_low_white
SushiBF,死.png,fontdata_example/font/train/new/SushiBF/images_white_bg_mask_denoised/死.png,0.376475,0.548743,159.477676,0.375000,low_white_high_dark;dark_border_low_white
SushiBF,殊.png,fontdata_example/font/train/new/SushiBF/images_white_bg_mask_denoised/殊.png,0.246173,0.621134,150.642303,0.410714,low_white_high_dark;dark_border_low_white
SushiBF,江.png,fontdata_example/font/train/new/SushiBF/images_white_bg_mask_denoised/江.png,0.330382,0.602325,156.613846,0.386161,low_white_high_dark;dark_border_low_white
SushiBF,污.png,fontdata_example/font/train/new/SushiBF/images_white_bg_mask_denoised/污.png,0.190714,0.731485,138.920761,0.456473,low_white_high_dark;dark_border_low_white
SushiBF,漁.png,fontdata_example/font/train/new/SushiBF/images_white_bg_mask_denoised/漁.png,0.213210,0.657062,137.011154,0.464286,low_white_high_dark;dark_border_low_white
SushiBF,濛.png,fontdata_example/font/train/new/SushiBF/images_white_bg_mask_denoised/濛.png,0.192761,0.644412,138.527908,0.457589,low_white_high_dark;dark_border_low_white
SushiBF,灰.png,fontdata_example/font/train/new/SushiBF/images_white_bg_mask_denoised/灰.png,0.181830,0.692637,143.207596,0.439732,low_white_high_dark;dark_border_low_white
SushiBF,燕.png,fontdata_example/font/train/new/SushiBF/images_white_bg_mask_denoised/燕.png,0.313183,0.581917,145.388397,0.430804,low_white_high_dark;dark_border_low_white
SushiBF,瑟.png,fontdata_example/font/train/new/SushiBF/images_white_bg_mask_denoised/瑟.png,0.169329,0.694191,137.683029,0.460938,low_white_high_dark;dark_border_low_white
SushiBF,病.png,fontdata_example/font/train/new/SushiBF/images_white_bg_mask_denoised/病.png,0.268201,0.603341,157.322540,0.383929,low_white_high_dark;dark_border_low_white
SushiBF,真.png,fontdata_example/font/train/new/SushiBF/images_white_bg_mask_denoised/真.png,0.074961,0.801384,131.845978,0.484375,low_white_high_dark;dark_border_low_white
SushiBF,秋.png,fontdata_example/font/train/new/SushiBF/images_white_bg_mask_denoised/秋.png,0.430171,0.485272,175.924103,0.310268,low_white_high_dark;dark_border_low_white
SushiBF,窮.png,fontdata_example/font/train/new/SushiBF/images_white_bg_mask_denoised/窮.png,0.228047,0.619689,146.300217,0.427455,low_white_high_dark;dark_border_low_white
SushiBF,自.png,fontdata_example/font/train/new/SushiBF/images_white_bg_mask_denoised/自.png,0.078698,0.795181,75.087051,1.000000,low_white_high_dark;dark_border_low_white
SushiBF,花.png,fontdata_example/font/train/new/SushiBF/images_white_bg_mask_denoised/花.png,0.129803,0.734320,137.945312,0.459821,low_white_high_dark;dark_border_low_white
SushiBF,苦.png,fontdata_example/font/train/new/SushiBF/images_white_bg_mask_denoised/苦.png,0.303621,0.600671,155.245529,0.392857,low_white_high_dark;dark_border_low_white
SushiBF,菜.png,fontdata_example/font/train/new/SushiBF/images_white_bg_mask_denoised/菜.png,0.180888,0.689219,131.843750,0.484375,low_white_high_dark;dark_border_low_white
SushiBF,萧.png,fontdata_example/font/train/new/SushiBF/images_white_bg_mask_denoised/萧.png,0.208431,0.658517,140.227127,0.450893,low_white_high_dark;dark_border_low_white
SushiBF,起.png,fontdata_example/font/train/new/SushiBF/images_white_bg_mask_denoised/起.png,0.330860,0.562465,155.986603,0.388393,low_white_high_dark;dark_border_low_white
SushiBF,起1.png,fontdata_example/font/train/new/SushiBF/images_white_bg_mask_denoised/起1.png,0.339261,0.549989,150.330353,0.410714,low_white_high_dark;dark_border_low_white
SushiBF,途.png,fontdata_example/font/train/new/SushiBF/images_white_bg_mask_denoised/途.png,0.255077,0.634372,140.408478,0.450893,low_white_high_dark;dark_border_low_white
SushiBF,過.png,fontdata_example/font/train/new/SushiBF/images_white_bg_mask_denoised/過.png,0.208431,0.669787,145.878342,0.428571,low_white_high_dark;dark_border_low_white
SushiBF,闇.png,fontdata_example/font/train/new/SushiBF/images_white_bg_mask_denoised/闇.png,0.177565,0.666509,127.580360,0.495536,low_white_high_dark;dark_border_low_white
SushiBF,雨.png,fontdata_example/font/train/new/SushiBF/images_white_bg_mask_denoised/雨.png,0.284523,0.636076,162.699219,0.363839,low_white_high_dark;dark_border_low_white
SushiBF,雨1.png,fontdata_example/font/train/new/SushiBF/images_white_bg_mask_denoised/雨1.png,0.320871,0.573865,152.378342,0.402902,low_white_high_dark;dark_border_low_white
SushiBF,雪.png,fontdata_example/font/train/new/SushiBF/images_white_bg_mask_denoised/雪.png,0.299531,0.590596,146.747772,0.426339,low_white_high_dark;dark_border_low_white
SushiBF,食.png,fontdata_example/font/train/new/SushiBF/images_white_bg_mask_denoised/食.png,0.164750,0.712776,137.655685,0.460938,low_white_high_dark;dark_border_low_white
SushiBF,食1.png,fontdata_example/font/train/new/SushiBF/images_white_bg_mask_denoised/食1.png,0.339500,0.574881,158.215408,0.380580,low_white_high_dark;dark_border_low_white
SushiBF,首.png,fontdata_example/font/train/new/SushiBF/images_white_bg_mask_denoised/首.png,0.174526,0.706458,141.024551,0.447545,low_white_high_dark;dark_border_low_white
SushiBF,黄.png,fontdata_example/font/train/new/SushiBF/images_white_bg_mask_denoised/黄.png,0.191820,0.705726,140.785721,0.448661,low_white_high_dark;dark_border_low_white
SushiJT,今.png,fontdata_example/font/train/new/SushiJT/images_white_bg_mask_denoised/今.png,0.422852,0.501769,173.950897,0.319196,low_white_high_dark;dark_border_low_white
SushiJT,何.png,fontdata_example/font/train/new/SushiJT/images_white_bg_mask_denoised/何.png,0.093257,0.801175,137.752228,0.466518,low_white_high_dark;dark_border_low_white
SushiJT,偷.png,fontdata_example/font/train/new/SushiJT/images_white_bg_mask_denoised/偷.png,0.372803,0.520089,167.564728,0.343750,low_white_high_dark;dark_border_low_white
SushiJT,势.png,fontdata_example/font/train/new/SushiJT/images_white_bg_mask_denoised/势.png,0.163774,0.700405,131.036835,0.486607,low_white_high_dark;dark_border_low_white
SushiJT,吹.png,fontdata_example/font/train/new/SushiJT/images_white_bg_mask_denoised/吹.png,0.238281,0.662403,152.064728,0.404018,low_white_high_dark;dark_border_low_white
SushiJT,哭.png,fontdata_example/font/train/new/SushiJT/images_white_bg_mask_denoised/哭.png,0.234858,0.642449,134.402908,0.473214,low_white_high_dark;dark_border_low_white
SushiJT,容.png,fontdata_example/font/train/new/SushiJT/images_white_bg_mask_denoised/容.png,0.231889,0.653659,141.691971,0.445312,low_white_high_dark;dark_border_low_white
SushiJT,寒.png,fontdata_example/font/train/new/SushiJT/images_white_bg_mask_denoised/寒.png,0.160226,0.712118,135.083145,0.470982,low_white_high_dark;dark_border_low_white
SushiJT,州.png,fontdata_example/font/train/new/SushiJT/images_white_bg_mask_denoised/州.png,0.224290,0.667914,151.381699,0.406250,low_white_high_dark;dark_border_low_white
SushiJT,庖.png,fontdata_example/font/train/new/SushiJT/images_white_bg_mask_denoised/庖.png,0.192821,0.678497,140.142853,0.450893,low_white_high_dark;dark_border_low_white
SushiJT,惜.png,fontdata_example/font/train/new/SushiJT/images_white_bg_mask_denoised/惜.png,0.120979,0.750927,132.989960,0.479911,low_white_high_dark;dark_border_low_white
SushiJT,春.png,fontdata_example/font/train/new/SushiJT/images_white_bg_mask_denoised/春.png,0.101572,0.792311,128.516739,0.496652,low_white_high_dark;dark_border_low_white
SushiJT,是.png,fontdata_example/font/train/new/SushiJT/images_white_bg_mask_denoised/是.png,0.183639,0.700006,127.584824,0.495536,low_white_high_dark;dark_border_low_white
SushiJT,棠.png,fontdata_example/font/train/new/SushiJT/images_white_bg_mask_denoised/棠.png,0.117247,0.745780,130.926346,0.486607,low_white_high_dark;dark_border_low_white
SushiJT,欲.png,fontdata_example/font/train/new/SushiJT/images_white_bg_mask_denoised/欲.png,0.321957,0.566855,158.970978,0.377232,low_white_high_dark;dark_border_low_white
SushiJT,死.png,fontdata_example/font/train/new/SushiJT/images_white_bg_mask_denoised/死.png,0.376475,0.548743,159.477676,0.375000,low_white_high_dark;dark_border_low_white
SushiJT,殊.png,fontdata_example/font/train/new/SushiJT/images_white_bg_mask_denoised/殊.png,0.246173,0.621134,150.642303,0.410714,low_white_high_dark;dark_border_low_white
SushiJT,江.png,fontdata_example/font/train/new/SushiJT/images_white_bg_mask_denoised/江.png,0.330382,0.602325,156.613846,0.386161,low_white_high_dark;dark_border_low_white
SushiJT,污.png,fontdata_example/font/train/new/SushiJT/images_white_bg_mask_denoised/污.png,0.190714,0.731485,138.920761,0.456473,low_white_high_dark;dark_border_low_white
SushiJT,渔.png,fontdata_example/font/train/new/SushiJT/images_white_bg_mask_denoised/渔.png,0.213210,0.657062,137.011154,0.464286,low_white_high_dark;dark_border_low_white
SushiJT,濛.png,fontdata_example/font/train/new/SushiJT/images_white_bg_mask_denoised/濛.png,0.192761,0.644412,138.527908,0.457589,low_white_high_dark;dark_border_low_white
SushiJT,灰.png,fontdata_example/font/train/new/SushiJT/images_white_bg_mask_denoised/灰.png,0.181830,0.692637,143.207596,0.439732,low_white_high_dark;dark_border_low_white
SushiJT,燕.png,fontdata_example/font/train/new/SushiJT/images_white_bg_mask_denoised/燕.png,0.313183,0.581917,145.388397,0.430804,low_white_high_dark;dark_border_low_white
SushiJT,瑟.png,fontdata_example/font/train/new/SushiJT/images_white_bg_mask_denoised/瑟.png,0.169329,0.694191,137.683029,0.460938,low_white_high_dark;dark_border_low_white
SushiJT,病.png,fontdata_example/font/train/new/SushiJT/images_white_bg_mask_denoised/病.png,0.268201,0.603341,157.322540,0.383929,low_white_high_dark;dark_border_low_white
SushiJT,真.png,fontdata_example/font/train/new/SushiJT/images_white_bg_mask_denoised/真.png,0.074961,0.801384,131.845978,0.484375,low_white_high_dark;dark_border_low_white
SushiJT,秋.png,fontdata_example/font/train/new/SushiJT/images_white_bg_mask_denoised/秋.png,0.430171,0.485272,175.924103,0.310268,low_white_high_dark;dark_border_low_white
SushiJT,窮.png,fontdata_example/font/train/new/SushiJT/images_white_bg_mask_denoised/窮.png,0.228047,0.619689,146.300217,0.427455,low_white_high_dark;dark_border_low_white
SushiJT,花.png,fontdata_example/font/train/new/SushiJT/images_white_bg_mask_denoised/花.png,0.129803,0.734320,137.945312,0.459821,low_white_high_dark;dark_border_low_white
SushiJT,苦.png,fontdata_example/font/train/new/SushiJT/images_white_bg_mask_denoised/苦.png,0.303621,0.600671,155.245529,0.392857,low_white_high_dark;dark_border_low_white
SushiJT,菜.png,fontdata_example/font/train/new/SushiJT/images_white_bg_mask_denoised/菜.png,0.180888,0.689219,131.843750,0.484375,low_white_high_dark;dark_border_low_white
SushiJT,萧.png,fontdata_example/font/train/new/SushiJT/images_white_bg_mask_denoised/萧.png,0.208431,0.658517,140.227127,0.450893,low_white_high_dark;dark_border_low_white
SushiJT,起.png,fontdata_example/font/train/new/SushiJT/images_white_bg_mask_denoised/起.png,0.330860,0.562465,155.986603,0.388393,low_white_high_dark;dark_border_low_white
SushiJT,过.png,fontdata_example/font/train/new/SushiJT/images_white_bg_mask_denoised/过.png,0.208431,0.669787,145.878342,0.428571,low_white_high_dark;dark_border_low_white
SushiJT,途.png,fontdata_example/font/train/new/SushiJT/images_white_bg_mask_denoised/途.png,0.255077,0.634372,140.408478,0.450893,low_white_high_dark;dark_border_low_white
SushiJT,闇.png,fontdata_example/font/train/new/SushiJT/images_white_bg_mask_denoised/闇.png,0.177565,0.666509,127.580360,0.495536,low_white_high_dark;dark_border_low_white
SushiJT,雪.png,fontdata_example/font/train/new/SushiJT/images_white_bg_mask_denoised/雪.png,0.299531,0.590596,146.747772,0.426339,low_white_high_dark;dark_border_low_white
SushiJT,食.png,fontdata_example/font/train/new/SushiJT/images_white_bg_mask_denoised/食.png,0.164750,0.712776,137.655685,0.460938,low_white_high_dark;dark_border_low_white
SushiJT,首.png,fontdata_example/font/train/new/SushiJT/images_white_bg_mask_denoised/首.png,0.174526,0.706458,141.024551,0.447545,low_white_high_dark;dark_border_low_white
SushiJT,黄.png,fontdata_example/font/train/new/SushiJT/images_white_bg_mask_denoised/黄.png,0.191820,0.705726,140.785721,0.448661,low_white_high_dark;dark_border_low_white
YanzqBF,勛.png,fontdata_example/font/train/new/YanzqBF/images_white_bg_mask_denoised/勛.png,0.681372,0.275874,255.000000,0.000000,low_white_high_dark
YanzqBF,南.png,fontdata_example/font/train/new/YanzqBF/images_white_bg_mask_denoised/南.png,0.637964,0.325350,255.000000,0.000000,low_white_high_dark
YanzqBF,海.png,fontdata_example/font/train/new/YanzqBF/images_white_bg_mask_denoised/海.png,0.695965,0.264917,254.987717,0.000000,low_white_high_dark
YanzqJT,勛.png,fontdata_example/font/train/new/YanzqJT/images_white_bg_mask_denoised/勛.png,0.681372,0.275874,255.000000,0.000000,low_white_high_dark
YanzqJT,南.png,fontdata_example/font/train/new/YanzqJT/images_white_bg_mask_denoised/南.png,0.637964,0.325350,255.000000,0.000000,low_white_high_dark
YanzqJT,因.png,fontdata_example/font/train/new/YanzqJT/images_white_bg_mask_denoised/因.png,0.697365,0.265291,255.000000,0.000000,low_white_high_dark
YanzqJT,圎.png,fontdata_example/font/train/new/YanzqJT/images_white_bg_mask_denoised/圎.png,0.673564,0.278440,255.000000,0.000000,low_white_high_dark
YanzqJT,海1.png,fontdata_example/font/train/new/YanzqJT/images_white_bg_mask_denoised/海1.png,0.695965,0.264917,254.987717,0.000000,low_white_high_dark
YanzqJT,籙.png,fontdata_example/font/train/new/YanzqJT/images_white_bg_mask_denoised/籙.png,0.686165,0.264080,254.979355,0.000000,low_white_high_dark
YanzqJT,绢.png,fontdata_example/font/train/new/YanzqJT/images_white_bg_mask_denoised/绢.png,0.684202,0.264668,254.931915,0.000000,low_white_high_dark
YanzqJT,象.png,fontdata_example/font/train/new/YanzqJT/images_white_bg_mask_denoised/象.png,0.690803,0.266173,254.972092,0.000000,low_white_high_dark
YanzqJT,踴.png,fontdata_example/font/train/new/YanzqJT/images_white_bg_mask_denoised/踴.png,0.657675,0.296148,255.000000,0.000000,low_white_high_dark
YanzqJT,陽.png,fontdata_example/font/train/new/YanzqJT/images_white_bg_mask_denoised/陽.png,0.672219,0.286452,255.000000,0.000000,low_white_high_dark
YanzqJT,額.png,fontdata_example/font/train/new/YanzqJT/images_white_bg_mask_denoised/額.png,0.685358,0.259083,254.982147,0.000000,low_white_high_dark
YanzqJT,額1.png,fontdata_example/font/train/new/YanzqJT/images_white_bg_mask_denoised/額1.png,0.692806,0.266143,255.000000,0.000000,low_white_high_dark
YanzqJT,髫.png,fontdata_example/font/train/new/YanzqJT/images_white_bg_mask_denoised/髫.png,0.682248,0.270054,255.000000,0.000000,low_white_high_dark
ZhaomfBF,三.png,fontdata_example/font/train/new/ZhaomfBF/images_white_bg_mask_denoised/三.png,0.241151,0.696708,155.608261,0.390625,low_white_high_dark;dark_border_low_white
ZhaomfBF,不.png,fontdata_example/font/train/new/ZhaomfBF/images_white_bg_mask_denoised/不.png,0.191870,0.713389,144.627228,0.433036,low_white_high_dark;dark_border_low_white
ZhaomfBF,之.png,fontdata_example/font/train/new/ZhaomfBF/images_white_bg_mask_denoised/之.png,0.158034,0.767962,138.830353,0.455357,low_white_high_dark;dark_border_low_white
ZhaomfBF,之1.png,fontdata_example/font/train/new/ZhaomfBF/images_white_bg_mask_denoised/之1.png,0.258077,0.671491,158.132812,0.380580,low_white_high_dark;dark_border_low_white
ZhaomfBF,之2.png,fontdata_example/font/train/new/ZhaomfBF/images_white_bg_mask_denoised/之2.png,0.249851,0.666614,146.339279,0.426339,low_white_high_dark;dark_border_low_white
ZhaomfBF,之3.png,fontdata_example/font/train/new/ZhaomfBF/images_white_bg_mask_denoised/之3.png,0.233618,0.687365,152.642853,0.401786,low_white_high_dark;dark_border_low_white
ZhaomfBF,之4.png,fontdata_example/font/train/new/ZhaomfBF/images_white_bg_mask_denoised/之4.png,0.348518,0.582310,165.675217,0.350446,low_white_high_dark;dark_border_low_white
ZhaomfBF,乘.png,fontdata_example/font/train/new/ZhaomfBF/images_white_bg_mask_denoised/乘.png,0.159419,0.728152,142.783478,0.441964,low_white_high_dark;dark_border_low_white
ZhaomfBF,事.png,fontdata_example/font/train/new/ZhaomfBF/images_white_bg_mask_denoised/事.png,0.393385,0.539969,167.974335,0.341518,low_white_high_dark;dark_border_low_white
ZhaomfBF,交.png,fontdata_example/font/train/new/ZhaomfBF/images_white_bg_mask_denoised/交.png,0.128812,0.766557,135.254471,0.470982,low_white_high_dark;dark_border_low_white
ZhaomfBF,亰.png,fontdata_example/font/train/new/ZhaomfBF/images_white_bg_mask_denoised/亰.png,0.103555,0.775575,133.870529,0.475446,low_white_high_dark;dark_border_low_white
ZhaomfBF,亰1.png,fontdata_example/font/train/new/ZhaomfBF/images_white_bg_mask_denoised/亰1.png,0.097606,0.806705,130.421875,0.488839,low_white_high_dark;dark_border_low_white
ZhaomfBF,人.png,fontdata_example/font/train/new/ZhaomfBF/images_white_bg_mask_denoised/人.png,0.248261,0.706653,157.281250,0.383929,low_white_high_dark;dark_border_low_white
ZhaomfBF,人1.png,fontdata_example/font/train/new/ZhaomfBF/images_white_bg_mask_denoised/人1.png,0.337796,0.623854,170.064728,0.334821,low_white_high_dark;dark_border_low_white
ZhaomfBF,仕.png,fontdata_example/font/train/new/ZhaomfBF/images_white_bg_mask_denoised/仕.png,0.256348,0.668527,154.098221,0.397321,low_white_high_dark;dark_border_low_white
ZhaomfBF,以.png,fontdata_example/font/train/new/ZhaomfBF/images_white_bg_mask_denoised/以.png,0.189398,0.750264,144.838165,0.433036,low_white_high_dark;dark_border_low_white
ZhaomfBF,伊.png,fontdata_example/font/train/new/ZhaomfBF/images_white_bg_mask_denoised/伊.png,0.178621,0.736662,141.262283,0.446429,low_white_high_dark;dark_border_low_white
ZhaomfBF,似.png,fontdata_example/font/train/new/ZhaomfBF/images_white_bg_mask_denoised/似.png,0.183504,0.728451,142.554688,0.441964,low_white_high_dark;dark_border_low_white
ZhaomfBF,余.png,fontdata_example/font/train/new/ZhaomfBF/images_white_bg_mask_denoised/余.png,0.197325,0.723653,149.439728,0.415179,low_white_high_dark;dark_border_low_white
ZhaomfBF,余1.png,fontdata_example/font/train/new/ZhaomfBF/images_white_bg_mask_denoised/余1.png,0.232088,0.703100,154.178574,0.395089,low_white_high_dark;dark_border_low_white
ZhaomfBF,作.png,fontdata_example/font/train/new/ZhaomfBF/images_white_bg_mask_denoised/作.png,0.206937,0.693574,143.937500,0.436384,low_white_high_dark;dark_border_low_white
ZhaomfBF,兮.png,fontdata_example/font/train/new/ZhaomfBF/images_white_bg_mask_denoised/兮.png,0.061060,0.840731,129.861603,0.491071,low_white_high_dark;dark_border_low_white
ZhaomfBF,其.png,fontdata_example/font/train/new/ZhaomfBF/images_white_bg_mask_denoised/其.png,0.133366,0.770109,135.705353,0.468750,low_white_high_dark;dark_border_low_white
ZhaomfBF,其1.png,fontdata_example/font/train/new/ZhaomfBF/images_white_bg_mask_denoised/其1.png,0.087198,0.785395,126.841515,0.495536,low_white_high_dark;dark_border_low_white
ZhaomfBF,初.png,fontdata_example/font/train/new/ZhaomfBF/images_white_bg_mask_denoised/初.png,0.278141,0.623799,159.375000,0.375000,low_white_high_dark;dark_border_low_white
ZhaomfBF,則.png,fontdata_example/font/train/new/ZhaomfBF/images_white_bg_mask_denoised/則.png,0.116844,0.777877,135.252228,0.470982,low_white_high_dark;dark_border_low_white
ZhaomfBF,動.png,fontdata_example/font/train/new/ZhaomfBF/images_white_bg_mask_denoised/動.png,0.093047,0.759342,119.575905,0.497768,low_white_high_dark;dark_border_low_white
ZhaomfBF,動1.png,fontdata_example/font/train/new/ZhaomfBF/images_white_bg_mask_denoised/動1.png,0.105987,0.735247,103.742188,0.748884,low_white_high_dark;dark_border_low_white
ZhaomfBF,匏.png,fontdata_example/font/train/new/ZhaomfBF/images_white_bg_mask_denoised/匏.png,0.157829,0.695557,134.599335,0.473214,low_white_high_dark;dark_border_low_white
ZhaomfBF,北.png,fontdata_example/font/train/new/ZhaomfBF/images_white_bg_mask_denoised/北.png,0.180998,0.727011,135.517853,0.468750,low_white_high_dark;dark_border_low_white
ZhaomfBF,南.png,fontdata_example/font/train/new/ZhaomfBF/images_white_bg_mask_denoised/南.png,0.162936,0.711899,131.559158,0.484375,low_white_high_dark;dark_border_low_white
ZhaomfBF,南1.png,fontdata_example/font/train/new/ZhaomfBF/images_white_bg_mask_denoised/南1.png,0.146679,0.714301,19.841518,1.000000,low_white_high_dark;dark_border_low_white
ZhaomfBF,南2.png,fontdata_example/font/train/new/ZhaomfBF/images_white_bg_mask_denoised/南2.png,0.195611,0.686553,136.133926,0.466518,low_white_high_dark;dark_border_low_white
ZhaomfBF,古.png,fontdata_example/font/train/new/ZhaomfBF/images_white_bg_mask_denoised/古.png,0.218506,0.695293,150.741074,0.410714,low_white_high_dark;dark_border_low_white
ZhaomfBF,后.png,fontdata_example/font/train/new/ZhaomfBF/images_white_bg_mask_denoised/后.png,0.187724,0.695806,137.572540,0.460938,low_white_high_dark;dark_border_low_white
ZhaomfBF,含.png,fontdata_example/font/train/new/ZhaomfBF/images_white_bg_mask_denoised/含.png,0.345833,0.571244,160.323654,0.372768,low_white_high_dark;dark_border_low_white
ZhaomfBF,域.png,fontdata_example/font/train/new/ZhaomfBF/images_white_bg_mask_denoised/域.png,0.126709,0.747394,137.279022,0.462054,low_white_high_dark;dark_border_low_white
ZhaomfBF,大.png,fontdata_example/font/train/new/ZhaomfBF/images_white_bg_mask_denoised/大.png,0.188790,0.720354,128.169632,0.493304,low_white_high_dark;dark_border_low_white
ZhaomfBF,夹.png,fontdata_example/font/train/new/ZhaomfBF/images_white_bg_mask_denoised/夹.png,0.099589,0.795674,130.918533,0.487723,low_white_high_dark;dark_border_low_white
ZhaomfBF,女.png,fontdata_example/font/train/new/ZhaomfBF/images_white_bg_mask_denoised/女.png,0.227629,0.697933,150.305801,0.410714,low_white_high_dark;dark_border_low_white
ZhaomfBF,女1.png,fontdata_example/font/train/new/ZhaomfBF/images_white_bg_mask_denoised/女1.png,0.340242,0.595070,163.919647,0.358259,low_white_high_dark;dark_border_low_white
ZhaomfBF,女2.png,fontdata_example/font/train/new/ZhaomfBF/images_white_bg_mask_denoised/女2.png,0.223518,0.690385,151.704239,0.406250,low_white_high_dark;dark_border_low_white
ZhaomfBF,妃.png,fontdata_example/font/train/new/ZhaomfBF/images_white_bg_mask_denoised/妃.png,0.260438,0.650595,155.154022,0.392857,low_white_high_dark;dark_border_low_white
ZhaomfBF,妃1.png,fontdata_example/font/train/new/ZhaomfBF/images_white_bg_mask_denoised/妃1.png,0.245466,0.666519,153.850449,0.397321,low_white_high_dark;dark_border_low_white
ZhaomfBF,娜.png,fontdata_example/font/train/new/ZhaomfBF/images_white_bg_mask_denoised/娜.png,0.270094,0.605872,151.578125,0.406250,low_white_high_dark;dark_border_low_white
ZhaomfBF,娲.png,fontdata_example/font/train/new/ZhaomfBF/images_white_bg_mask_denoised/娲.png,0.208989,0.681651,146.959824,0.424107,low_white_high_dark;dark_border_low_white
ZhaomfBF,婀.png,fontdata_example/font/train/new/ZhaomfBF/images_white_bg_mask_denoised/婀.png,0.197993,0.678028,147.236603,0.424107,low_white_high_dark;dark_border_low_white
ZhaomfBF,宋.png,fontdata_example/font/train/new/ZhaomfBF/images_white_bg_mask_denoised/宋.png,0.105987,0.803292,137.709824,0.459821,low_white_high_dark;dark_border_low_white
ZhaomfBF,宓.png,fontdata_example/font/train/new/ZhaomfBF/images_white_bg_mask_denoised/宓.png,0.153216,0.733498,138.651779,0.457589,low_white_high_dark;dark_border_low_white
ZhaomfBF,容.png,fontdata_example/font/train/new/ZhaomfBF/images_white_bg_mask_denoised/容.png,0.178586,0.688885,137.368301,0.462054,low_white_high_dark;dark_border_low_white
ZhaomfBF,容1.png,fontdata_example/font/train/new/ZhaomfBF/images_white_bg_mask_denoised/容1.png,0.139195,0.713498,130.034592,0.491071,low_white_high_dark;dark_border_low_white
ZhaomfBF,對.png,fontdata_example/font/train/new/ZhaomfBF/images_white_bg_mask_denoised/對.png,0.175034,0.681177,136.939728,0.464286,low_white_high_dark;dark_border_low_white
ZhaomfBF,尔.png,fontdata_example/font/train/new/ZhaomfBF/images_white_bg_mask_denoised/尔.png,0.178965,0.742028,145.550217,0.429688,low_white_high_dark;dark_border_low_white
ZhaomfBF,岡.png,fontdata_example/font/train/new/ZhaomfBF/images_white_bg_mask_denoised/岡.png,0.228645,0.623112,136.800217,0.464286,low_white_high_dark;dark_border_low_white
ZhaomfBF,川.png,fontdata_example/font/train/new/ZhaomfBF/images_white_bg_mask_denoised/川.png,0.100651,0.841946,139.734375,0.453125,low_white_high_dark;dark_border_low_white
ZhaomfBF,川1.png,fontdata_example/font/train/new/ZhaomfBF/images_white_bg_mask_denoised/川1.png,0.133395,0.804762,141.960938,0.444196,low_white_high_dark;dark_border_low_white
ZhaomfBF,師.png,fontdata_example/font/train/new/ZhaomfBF/images_white_bg_mask_denoised/師.png,0.270249,0.620705,155.816971,0.389509,low_white_high_dark;dark_border_low_white
ZhaomfBF,年.png,fontdata_example/font/train/new/ZhaomfBF/images_white_bg_mask_denoised/年.png,0.173719,0.747419,146.613846,0.426339,low_white_high_dark;dark_border_low_white
ZhaomfBF,并.png,fontdata_example/font/train/new/ZhaomfBF/images_white_bg_mask_denoised/并.png,0.147874,0.772297,144.352676,0.435268,low_white_high_dark;dark_border_low_white
ZhaomfBF,幽.png,fontdata_example/font/train/new/ZhaomfBF/images_white_bg_mask_denoised/幽.png,0.157207,0.709428,138.417404,0.457589,low_white_high_dark;dark_border_low_white
ZhaomfBF,序.png,fontdata_example/font/train/new/ZhaomfBF/images_white_bg_mask_denoised/序.png,0.163360,0.743279,145.376114,0.430804,low_white_high_dark;dark_border_low_white
ZhaomfBF,度.png,fontdata_example/font/train/new/ZhaomfBF/images_white_bg_mask_denoised/度.png,0.093984,0.781140,131.687500,0.484375,low_white_high_dark;dark_border_low_white
ZhaomfBF,延.png,fontdata_example/font/train/new/ZhaomfBF/images_white_bg_mask_denoised/延.png,0.187834,0.710952,142.167404,0.444196,low_white_high_dark;dark_border_low_white
ZhaomfBF,往.png,fontdata_example/font/train/new/ZhaomfBF/images_white_bg_mask_denoised/往.png,0.260443,0.637606,143.113846,0.439732,low_white_high_dark;dark_border_low_white
ZhaomfBF,從.png,fontdata_example/font/train/new/ZhaomfBF/images_white_bg_mask_denoised/從.png,0.097128,0.807612,135.164062,0.470982,low_white_high_dark;dark_border_low_white
ZhaomfBF,微.png,fontdata_example/font/train/new/ZhaomfBF/images_white_bg_mask_denoised/微.png,0.181940,0.701600,135.181915,0.470982,low_white_high_dark;dark_border_low_white
ZhaomfBF,忘.png,fontdata_example/font/train/new/ZhaomfBF/images_white_bg_mask_denoised/忘.png,0.114248,0.758032,129.705353,0.491071,low_white_high_dark;dark_border_low_white
ZhaomfBF,忽.png,fontdata_example/font/train/new/ZhaomfBF/images_white_bg_mask_denoised/忽.png,0.251106,0.639120,150.421875,0.410714,low_white_high_dark;dark_border_low_white
ZhaomfBF,忽1.png,fontdata_example/font/train/new/ZhaomfBF/images_white_bg_mask_denoised/忽1.png,0.230030,0.632105,136.052460,0.467634,low_white_high_dark;dark_border_low_white
ZhaomfBF,怨.png,fontdata_example/font/train/new/ZhaomfBF/images_white_bg_mask_denoised/怨.png,0.085479,0.740399,83.879463,1.000000,low_white_high_dark;dark_border_low_white
ZhaomfBF,恨.png,fontdata_example/font/train/new/ZhaomfBF/images_white_bg_mask_denoised/恨.png,0.249288,0.635657,146.606033,0.426339,low_white_high_dark;dark_border_low_white
ZhaomfBF,悵.png,fontdata_example/font/train/new/ZhaomfBF/images_white_bg_mask_denoised/悵.png,0.217016,0.637267,142.924103,0.439732,low_white_high_dark;dark_border_low_white
ZhaomfBF,情.png,fontdata_example/font/train/new/ZhaomfBF/images_white_bg_mask_denoised/情.png,0.149853,0.735606,134.446426,0.473214,low_white_high_dark;dark_border_low_white
ZhaomfBF,愛.png,fontdata_example/font/train/new/ZhaomfBF/images_white_bg_mask_denoised/愛.png,0.093356,0.764265,60.274555,1.000000,low_white_high_dark;dark_border_low_white
ZhaomfBF,感.png,fontdata_example/font/train/new/ZhaomfBF/images_white_bg_mask_denoised/感.png,0.169199,0.696254,136.974335,0.464286,low_white_high_dark;dark_border_low_white
ZhaomfBF,我.png,fontdata_example/font/train/new/ZhaomfBF/images_white_bg_mask_denoised/我.png,0.156728,0.729502,133.941971,0.475446,low_white_high_dark;dark_border_low_white
ZhaomfBF,拾.png,fontdata_example/font/train/new/ZhaomfBF/images_white_bg_mask_denoised/拾.png,0.237898,0.652613,148.742188,0.417411,low_white_high_dark;dark_border_low_white
ZhaomfBF,接.png,fontdata_example/font/train/new/ZhaomfBF/images_white_bg_mask_denoised/接.png,0.200195,0.661457,142.382812,0.441964,low_white_high_dark;dark_border_low_white
ZhaomfBF,掩.png,fontdata_example/font/train/new/ZhaomfBF/images_white_bg_mask_denoised/掩.png,0.211695,0.639145,140.620529,0.448661,low_white_high_dark;dark_border_low_white
ZhaomfBF,收.png,fontdata_example/font/train/new/ZhaomfBF/images_white_bg_mask_denoised/收.png,0.304269,0.599903,151.005585,0.408482,low_white_high_dark;dark_border_low_white
ZhaomfBF,文.png,fontdata_example/font/train/new/ZhaomfBF/images_white_bg_mask_denoised/文.png,0.139165,0.781300,139.415176,0.454241,low_white_high_dark;dark_border_low_white
ZhaomfBF,斯.png,fontdata_example/font/train/new/ZhaomfBF/images_white_bg_mask_denoised/斯.png,0.193534,0.692313,147.512283,0.421875,low_white_high_dark;dark_border_low_white
ZhaomfBF,斯1.png,fontdata_example/font/train/new/ZhaomfBF/images_white_bg_mask_denoised/斯1.png,0.218157,0.669892,147.351562,0.422991,low_white_high_dark;dark_border_low_white
ZhaomfBF,於.png,fontdata_example/font/train/new/ZhaomfBF/images_white_bg_mask_denoised/於.png,0.140346,0.752307,141.396210,0.446429,low_white_high_dark;dark_border_low_white
ZhaomfBF,於1.png,fontdata_example/font/train/new/ZhaomfBF/images_white_bg_mask_denoised/於1.png,0.108329,0.797079,131.861603,0.484375,low_white_high_dark;dark_border_low_white
ZhaomfBF,是.png,fontdata_example/font/train/new/ZhaomfBF/images_white_bg_mask_denoised/是.png,0.325514,0.581947,157.071426,0.385045,low_white_high_dark;dark_border_low_white
ZhaomfBF,是1.png,fontdata_example/font/train/new/ZhaomfBF/images_white_bg_mask_denoised/是1.png,0.091722,0.778016,130.018967,0.491071,low_white_high_dark;dark_border_low_white
ZhaomfBF,曰.png,fontdata_example/font/train/new/ZhaomfBF/images_white_bg_mask_denoised/曰.png,0.217021,0.722681,149.243301,0.415179,low_white_high_dark;dark_border_low_white
ZhaomfBF,曰1.png,fontdata_example/font/train/new/ZhaomfBF/images_white_bg_mask_denoised/曰1.png,0.224300,0.702961,150.095978,0.412946,low_white_high_dark;dark_border_low_white
ZhaomfBF,有.png,fontdata_example/font/train/new/ZhaomfBF/images_white_bg_mask_denoised/有.png,0.086834,0.793213,131.580353,0.484375,low_white_high_dark;dark_border_low_white
ZhaomfBF,朝.png,fontdata_example/font/train/new/ZhaomfBF/images_white_bg_mask_denoised/朝.png,0.111747,0.719856,131.664062,0.484375,low_white_high_dark;dark_border_low_white
ZhaomfBF,期.png,fontdata_example/font/train/new/ZhaomfBF/images_white_bg_mask_denoised/期.png,0.138672,0.708073,137.462051,0.462054,low_white_high_dark;dark_border_low_white
ZhaomfBF,未.png,fontdata_example/font/train/new/ZhaomfBF/images_white_bg_mask_denoised/未.png,0.066551,0.877481,134.657928,0.472656,low_white_high_dark;dark_border_low_white
ZhaomfBF,朱.png,fontdata_example/font/train/new/ZhaomfBF/images_white_bg_mask_denoised/朱.png,0.203344,0.684894,137.025665,0.463170,low_white_high_dark;dark_border_low_white
ZhaomfBF,東.png,fontdata_example/font/train/new/ZhaomfBF/images_white_bg_mask_denoised/東.png,0.083905,0.801314,128.600449,0.496652,low_white_high_dark;dark_border_low_white
ZhaomfBF,楚.png,fontdata_example/font/train/new/ZhaomfBF/images_white_bg_mask_denoised/楚.png,0.045385,0.808404,129.964279,0.491071,low_white_high_dark;dark_border_low_white
ZhaomfBF,榖.png,fontdata_example/font/train/new/ZhaomfBF/images_white_bg_mask_denoised/榖.png,0.205566,0.673031,141.910721,0.444196,low_white_high_dark;dark_border_low_white
ZhaomfBF,歌.png,fontdata_example/font/train/new/ZhaomfBF/images_white_bg_mask_denoised/歌.png,0.235740,0.644775,149.218750,0.415179,low_white_high_dark;dark_border_low_white
ZhaomfBF,歎.png,fontdata_example/font/train/new/ZhaomfBF/images_white_bg_mask_denoised/歎.png,0.129584,0.718939,134.236603,0.474330,low_white_high_dark;dark_border_low_white
ZhaomfBF,歸.png,fontdata_example/font/train/new/ZhaomfBF/images_white_bg_mask_denoised/歸.png,0.298016,0.586491,158.073654,0.381696,low_white_high_dark;dark_border_low_white
ZhaomfBF,氣.png,fontdata_example/font/train/new/ZhaomfBF/images_white_bg_mask_denoised/氣.png,0.084348,0.764913,126.994423,0.495536,low_white_high_dark;dark_border_low_white
ZhaomfBF,水.png,fontdata_example/font/train/new/ZhaomfBF/images_white_bg_mask_denoised/水.png,0.193743,0.739502,149.948654,0.412946,low_white_high_dark;dark_border_low_white
ZhaomfBF,江.png,fontdata_example/font/train/new/ZhaomfBF/images_white_bg_mask_denoised/江.png,0.276028,0.646380,153.234375,0.399554,low_white_high_dark;dark_border_low_white
ZhaomfBF,泛.png,fontdata_example/font/train/new/ZhaomfBF/images_white_bg_mask_denoised/泛.png,0.147047,0.723573,131.897324,0.484375,low_white_high_dark;dark_border_low_white
ZhaomfBF,波.png,fontdata_example/font/train/new/ZhaomfBF/images_white_bg_mask_denoised/波.png,0.283955,0.616071,148.397324,0.419643,low_white_high_dark;dark_border_low_white
ZhaomfBF,波1.png,fontdata_example/font/train/new/ZhaomfBF/images_white_bg_mask_denoised/波1.png,0.212796,0.689219,150.847092,0.409598,low_white_high_dark;dark_border_low_white
ZhaomfBF,洛.png,fontdata_example/font/train/new/ZhaomfBF/images_white_bg_mask_denoised/洛.png,0.306152,0.581553,156.694748,0.397321,low_white_high_dark;dark_border_low_white
ZhaomfBF,洛1.png,fontdata_example/font/train/new/ZhaomfBF/images_white_bg_mask_denoised/洛1.png,0.282939,0.605050,154.531250,0.395089,low_white_high_dark;dark_border_low_white
ZhaomfBF,流.png,fontdata_example/font/train/new/ZhaomfBF/images_white_bg_mask_denoised/流.png,0.142209,0.739308,140.787949,0.448661,low_white_high_dark;dark_border_low_white
ZhaomfBF,流1.png,fontdata_example/font/train/new/ZhaomfBF/images_white_bg_mask_denoised/流1.png,0.217734,0.687266,152.522324,0.401786,low_white_high_dark;dark_border_low_white
ZhaomfBF,涕.png,fontdata_example/font/train/new/ZhaomfBF/images_white_bg_mask_denoised/涕.png,0.224614,0.627501,140.315842,0.450893,low_white_high_dark;dark_border_low_white
ZhaomfBF,淚.png,fontdata_example/font/train/new/ZhaomfBF/images_white_bg_mask_denoised/淚.png,0.171028,0.715895,143.437500,0.438616,low_white_high_dark;dark_border_low_white
ZhaomfBF,清.png,fontdata_example/font/train/new/ZhaomfBF/images_white_bg_mask_denoised/清.png,0.238246,0.630750,148.174667,0.419643,low_white_high_dark;dark_border_low_white
ZhaomfBF,湘.png,fontdata_example/font/train/new/ZhaomfBF/images_white_bg_mask_denoised/湘.png,0.120710,0.750992,135.593750,0.468750,low_white_high_dark;dark_border_low_white
ZhaomfBF,漢.png,fontdata_example/font/train/new/ZhaomfBF/images_white_bg_mask_denoised/漢.png,0.090686,0.783009,133.046875,0.479911,low_white_high_dark;dark_border_low_white
ZhaomfBF,濟.png,fontdata_example/font/train/new/ZhaomfBF/images_white_bg_mask_denoised/濟.png,0.248854,0.662872,157.696426,0.381696,low_white_high_dark;dark_border_low_white
ZhaomfBF,為.png,fontdata_example/font/train/new/ZhaomfBF/images_white_bg_mask_denoised/為.png,0.212253,0.652269,141.138397,0.446429,low_white_high_dark;dark_border_low_white
ZhaomfBF,無.png,fontdata_example/font/train/new/ZhaomfBF/images_white_bg_mask_denoised/無.png,0.249885,0.630550,148.350449,0.419643,low_white_high_dark;dark_border_low_white
ZhaomfBF,無1.png,fontdata_example/font/train/new/ZhaomfBF/images_white_bg_mask_denoised/無1.png,0.256701,0.628503,149.850449,0.412946,low_white_high_dark;dark_border_low_white
ZhaomfBF,煩.png,fontdata_example/font/train/new/ZhaomfBF/images_white_bg_mask_denoised/煩.png,0.250777,0.609505,145.694199,0.429688,low_white_high_dark;dark_border_low_white
ZhaomfBF,爪.png,fontdata_example/font/train/new/ZhaomfBF/images_white_bg_mask_denoised/爪.png,0.294822,0.631338,155.338165,0.391741,low_white_high_dark;dark_border_low_white
ZhaomfBF,牛.png,fontdata_example/font/train/new/ZhaomfBF/images_white_bg_mask_denoised/牛.png,0.097527,0.803711,132.837051,0.479911,low_white_high_dark;dark_border_low_white
ZhaomfBF,猗.png,fontdata_example/font/train/new/ZhaomfBF/images_white_bg_mask_denoised/猗.png,0.122843,0.726044,135.253342,0.470982,low_white_high_dark;dark_border_low_white
ZhaomfBF,献.png,fontdata_example/font/train/new/ZhaomfBF/images_white_bg_mask_denoised/献.png,0.291335,0.589899,145.343750,0.430804,low_white_high_dark;dark_border_low_white
ZhaomfBF,玉.png,fontdata_example/font/train/new/ZhaomfBF/images_white_bg_mask_denoised/玉.png,0.175193,0.734260,143.302460,0.438616,low_white_high_dark;dark_border_low_white
ZhaomfBF,玉1.png,fontdata_example/font/train/new/ZhaomfBF/images_white_bg_mask_denoised/玉1.png,0.230264,0.700345,148.939728,0.417411,low_white_high_dark;dark_border_low_white
ZhaomfBF,王.png,fontdata_example/font/train/new/ZhaomfBF/images_white_bg_mask_denoised/王.png,0.122588,0.805370,137.020096,0.464286,low_white_high_dark;dark_border_low_white
ZhaomfBF,王1.png,fontdata_example/font/train/new/ZhaomfBF/images_white_bg_mask_denoised/王1.png,0.243403,0.672039,136.513397,0.466518,low_white_high_dark;dark_border_low_white
ZhaomfBF,珠.png,fontdata_example/font/train/new/ZhaomfBF/images_white_bg_mask_denoised/珠.png,0.127516,0.745037,139.189178,0.455357,low_white_high_dark;dark_border_low_white
ZhaomfBF,生.png,fontdata_example/font/train/new/ZhaomfBF/images_white_bg_mask_denoised/生.png,0.148099,0.766372,110.540176,0.748884,low_white_high_dark;dark_border_low_white
ZhaomfBF,盛.png,fontdata_example/font/train/new/ZhaomfBF/images_white_bg_mask_denoised/盛.png,0.174929,0.709941,140.707596,0.448661,low_white_high_dark;dark_border_low_white
ZhaomfBF,神.png,fontdata_example/font/train/new/ZhaomfBF/images_white_bg_mask_denoised/神.png,0.247584,0.654820,148.678574,0.417411,low_white_high_dark;dark_border_low_white
ZhaomfBF,神1.png,fontdata_example/font/train/new/ZhaomfBF/images_white_bg_mask_denoised/神1.png,0.055176,0.838718,130.631699,0.488839,low_white_high_dark;dark_border_low_white
ZhaomfBF,神2.png,fontdata_example/font/train/new/ZhaomfBF/images_white_bg_mask_denoised/神2.png,0.207216,0.683952,140.357147,0.450893,low_white_high_dark;dark_border_low_white
ZhaomfBF,禽.png,fontdata_example/font/train/new/ZhaomfBF/images_white_bg_mask_denoised/禽.png,0.233951,0.658457,150.883926,0.408482,low_white_high_dark;dark_border_low_white
ZhaomfBF,秷.png,fontdata_example/font/train/new/ZhaomfBF/images_white_bg_mask_denoised/秷.png,0.140032,0.698033,132.988846,0.479911,low_white_high_dark;dark_border_low_white
ZhaomfBF,精.png,fontdata_example/font/train/new/ZhaomfBF/images_white_bg_mask_denoised/精.png,0.118956,0.733383,136.623322,0.465402,low_white_high_dark;dark_border_low_white
ZhaomfBF,綱.png,fontdata_example/font/train/new/ZhaomfBF/images_white_bg_mask_denoised/綱.png,0.232561,0.610526,141.754471,0.444196,low_white_high_dark;dark_border_low_white
ZhaomfBF,纡.png,fontdata_example/font/train/new/ZhaomfBF/images_white_bg_mask_denoised/纡.png,0.174232,0.709991,134.279022,0.474330,low_white_high_dark;dark_border_low_white
ZhaomfBF,羅.png,fontdata_example/font/train/new/ZhaomfBF/images_white_bg_mask_denoised/羅.png,0.229731,0.617736,142.174667,0.446987,low_white_high_dark;dark_border_low_white
ZhaomfBF,羽.png,fontdata_example/font/train/new/ZhaomfBF/images_white_bg_mask_denoised/羽.png,0.148089,0.727225,137.385040,0.462054,low_white_high_dark;dark_border_low_white
ZhaomfBF,翔.png,fontdata_example/font/train/new/ZhaomfBF/images_white_bg_mask_denoised/翔.png,0.057109,0.788470,124.944199,0.497768,low_white_high_dark;dark_border_low_white
ZhaomfBF,背.png,fontdata_example/font/train/new/ZhaomfBF/images_white_bg_mask_denoised/背.png,0.367611,0.534399,164.558029,0.354911,low_white_high_dark;dark_border_low_white
ZhaomfBF,脣.png,fontdata_example/font/train/new/ZhaomfBF/images_white_bg_mask_denoised/脣.png,0.243518,0.628144,143.080353,0.439732,low_white_high_dark;dark_border_low_white
ZhaomfBF,脩.png,fontdata_example/font/train/new/ZhaomfBF/images_white_bg_mask_denoised/脩.png,0.158253,0.665707,134.881699,0.470982,low_white_high_dark;dark_border_low_white
ZhaomfBF,舍.png,fontdata_example/font/train/new/ZhaomfBF/images_white_bg_mask_denoised/舍.png,0.264270,0.651761,153.495529,0.399554,low_white_high_dark;dark_border_low_white
ZhaomfBF,若.png,fontdata_example/font/train/new/ZhaomfBF/images_white_bg_mask_denoised/若.png,0.201301,0.651547,140.250000,0.450893,low_white_high_dark;dark_border_low_white
ZhaomfBF,若1.png,fontdata_example/font/train/new/ZhaomfBF/images_white_bg_mask_denoised/若1.png,0.250438,0.628592,150.613846,0.410714,low_white_high_dark;dark_border_low_white
ZhaomfBF,莫.png,fontdata_example/font/train/new/ZhaomfBF/images_white_bg_mask_denoised/莫.png,0.128119,0.745257,134.930252,0.470982,low_white_high_dark;dark_border_low_white
ZhaomfBF,藩.png,fontdata_example/font/train/new/ZhaomfBF/images_white_bg_mask_denoised/藩.png,0.234908,0.637969,149.604904,0.415179,low_white_high_dark;dark_border_low_white
ZhaomfBF,袂.png,fontdata_example/font/train/new/ZhaomfBF/images_white_bg_mask_denoised/袂.png,0.197709,0.684809,143.207596,0.439732,low_white_high_dark;dark_border_low_white
ZhaomfBF,袖.png,fontdata_example/font/train/new/ZhaomfBF/images_white_bg_mask_denoised/袖.png,0.187575,0.707136,147.290176,0.424107,low_white_high_dark;dark_border_low_white
ZhaomfBF,袿.png,fontdata_example/font/train/new/ZhaomfBF/images_white_bg_mask_denoised/袿.png,0.135408,0.741978,132.479904,0.482143,low_white_high_dark;dark_border_low_white
ZhaomfBF,襟.png,fontdata_example/font/train/new/ZhaomfBF/images_white_bg_mask_denoised/襟.png,0.262376,0.614303,151.053574,0.408482,low_white_high_dark;dark_border_low_white
ZhaomfBF,言.png,fontdata_example/font/train/new/ZhaomfBF/images_white_bg_mask_denoised/言.png,0.252013,0.661382,153.152908,0.399554,low_white_high_dark;dark_border_low_white
ZhaomfBF,言1.png,fontdata_example/font/train/new/ZhaomfBF/images_white_bg_mask_denoised/言1.png,0.114477,0.792236,138.595978,0.457589,low_white_high_dark;dark_border_low_white
ZhaomfBF,詞.png,fontdata_example/font/train/new/ZhaomfBF/images_white_bg_mask_denoised/詞.png,0.312365,0.592983,160.857147,0.370536,low_white_high_dark;dark_border_low_white
ZhaomfBF,賦.png,fontdata_example/font/train/new/ZhaomfBF/images_white_bg_mask_denoised/賦.png,0.226762,0.657795,152.405136,0.402902,low_white_high_dark;dark_border_low_white
ZhaomfBF,賦1.png,fontdata_example/font/train/new/ZhaomfBF/images_white_bg_mask_denoised/賦1.png,0.255640,0.609943,146.375000,0.426339,low_white_high_dark;dark_border_low_white
ZhaomfBF,越.png,fontdata_example/font/train/new/ZhaomfBF/images_white_bg_mask_denoised/越.png,0.211236,0.674715,147.513397,0.421875,low_white_high_dark;dark_border_low_white
ZhaomfBF,越1.png,fontdata_example/font/train/new/ZhaomfBF/images_white_bg_mask_denoised/越1.png,0.181785,0.671003,137.175217,0.463170,low_white_high_dark;dark_border_low_white
ZhaomfBF,踊.png,fontdata_example/font/train/new/ZhaomfBF/images_white_bg_mask_denoised/踊.png,0.230887,0.608727,135.834824,0.468750,low_white_high_dark;dark_border_low_white
ZhaomfBF,轅.png,fontdata_example/font/train/new/ZhaomfBF/images_white_bg_mask_denoised/轅.png,0.162722,0.673798,138.491074,0.457589,low_white_high_dark;dark_border_low_white
ZhaomfBF,轘.png,fontdata_example/font/train/new/ZhaomfBF/images_white_bg_mask_denoised/轘.png,0.232133,0.621622,145.649551,0.429688,low_white_high_dark;dark_border_low_white
ZhaomfBF,迅.png,fontdata_example/font/train/new/ZhaomfBF/images_white_bg_mask_denoised/迅.png,0.208775,0.685567,147.994415,0.420759,low_white_high_dark;dark_border_low_white
ZhaomfBF,迴.png,fontdata_example/font/train/new/ZhaomfBF/images_white_bg_mask_denoised/迴.png,0.351812,0.562734,166.294647,0.348214,low_white_high_dark;dark_border_low_white
ZhaomfBF,逝.png,fontdata_example/font/train/new/ZhaomfBF/images_white_bg_mask_denoised/逝.png,0.234539,0.662453,150.678574,0.410714,low_white_high_dark;dark_border_low_white
ZhaomfBF,遂.png,fontdata_example/font/train/new/ZhaomfBF/images_white_bg_mask_denoised/遂.png,0.117307,0.748635,135.694199,0.468750,low_white_high_dark;dark_border_low_white
ZhaomfBF,遊.png,fontdata_example/font/train/new/ZhaomfBF/images_white_bg_mask_denoised/遊.png,0.228879,0.661372,144.755585,0.433036,low_white_high_dark;dark_border_low_white
ZhaomfBF,道.png,fontdata_example/font/train/new/ZhaomfBF/images_white_bg_mask_denoised/道.png,0.154466,0.720434,136.882812,0.464286,low_white_high_dark;dark_border_low_white
ZhaomfBF,還.png,fontdata_example/font/train/new/ZhaomfBF/images_white_bg_mask_denoised/還.png,0.152179,0.741624,143.407364,0.438616,low_white_high_dark;dark_border_low_white
ZhaomfBF,陳.png,fontdata_example/font/train/new/ZhaomfBF/images_white_bg_mask_denoised/陳.png,0.130212,0.749218,138.285721,0.458705,low_white_high_dark;dark_border_low_white
ZhaomfBF,陵.png,fontdata_example/font/train/new/ZhaomfBF/images_white_bg_mask_denoised/陵.png,0.195402,0.679070,142.945312,0.439732,low_white_high_dark;dark_border_low_white
ZhaomfBF,雲.png,fontdata_example/font/train/new/ZhaomfBF/images_white_bg_mask_denoised/雲.png,0.131676,0.702916,133.109375,0.478795,low_white_high_dark;dark_border_low_white
ZhaomfBF,靡.png,fontdata_example/font/train/new/ZhaomfBF/images_white_bg_mask_denoised/靡.png,0.183320,0.668721,140.129471,0.450893,low_white_high_dark;dark_border_low_white
ZhaomfBF,飘.png,fontdata_example/font/train/new/ZhaomfBF/images_white_bg_mask_denoised/飘.png,0.289890,0.565066,153.808029,0.397321,low_white_high_dark;dark_border_low_white
ZhaomfBF,飡.png,fontdata_example/font/train/new/ZhaomfBF/images_white_bg_mask_denoised/飡.png,0.203638,0.690724,137.866074,0.459821,low_white_high_dark;dark_border_low_white
ZhaomfBF,首.png,fontdata_example/font/train/new/ZhaomfBF/images_white_bg_mask_denoised/首.png,0.142757,0.754285,139.861603,0.452009,low_white_high_dark;dark_border_low_white
ZhaomfBF,騰.png,fontdata_example/font/train/new/ZhaomfBF/images_white_bg_mask_denoised/騰.png,0.133540,0.683908,126.464287,0.495536,low_white_high_dark;dark_border_low_white
ZhaomfBF,鯢.png,fontdata_example/font/train/new/ZhaomfBF/images_white_bg_mask_denoised/鯢.png,0.303307,0.578010,160.785721,0.370536,low_white_high_dark;dark_border_low_white
ZhaomfBF,鳴.png,fontdata_example/font/train/new/ZhaomfBF/images_white_bg_mask_denoised/鳴.png,0.149035,0.735820,140.261154,0.450893,low_white_high_dark;dark_border_low_white
ZhaomfBF,黄.png,fontdata_example/font/train/new/ZhaomfBF/images_white_bg_mask_denoised/黄.png,0.238142,0.655293,145.877228,0.428571,low_white_high_dark;dark_border_low_white
ZhaomfBF,齋.png,fontdata_example/font/train/new/ZhaomfBF/images_white_bg_mask_denoised/齋.png,0.218446,0.682244,152.809158,0.401786,low_white_high_dark;dark_border_low_white
ZhaomfBF,龍.png,fontdata_example/font/train/new/ZhaomfBF/images_white_bg_mask_denoised/龍.png,0.159489,0.681989,133.276779,0.477679,low_white_high_dark;dark_border_low_white
ZhaomfJT,亰.png,fontdata_example/font/train/new/ZhaomfJT/images_white_bg_mask_denoised/亰.png,0.103555,0.775575,133.870529,0.475446,low_white_high_dark;dark_border_low_white
ZhaomfJT,仕.png,fontdata_example/font/train/new/ZhaomfJT/images_white_bg_mask_denoised/仕.png,0.256348,0.668527,154.098221,0.397321,low_white_high_dark;dark_border_low_white
ZhaomfJT,以.png,fontdata_example/font/train/new/ZhaomfJT/images_white_bg_mask_denoised/以.png,0.189398,0.750264,144.838165,0.433036,low_white_high_dark;dark_border_low_white
ZhaomfJT,伊.png,fontdata_example/font/train/new/ZhaomfJT/images_white_bg_mask_denoised/伊.png,0.178621,0.736662,141.262283,0.446429,low_white_high_dark;dark_border_low_white
ZhaomfJT,似.png,fontdata_example/font/train/new/ZhaomfJT/images_white_bg_mask_denoised/似.png,0.183504,0.728451,142.554688,0.441964,low_white_high_dark;dark_border_low_white
ZhaomfJT,作.png,fontdata_example/font/train/new/ZhaomfJT/images_white_bg_mask_denoised/作.png,0.206937,0.693574,143.937500,0.436384,low_white_high_dark;dark_border_low_white
ZhaomfJT,兮.png,fontdata_example/font/train/new/ZhaomfJT/images_white_bg_mask_denoised/兮.png,0.061060,0.840731,129.861603,0.491071,low_white_high_dark;dark_border_low_white
ZhaomfJT,其.png,fontdata_example/font/train/new/ZhaomfJT/images_white_bg_mask_denoised/其.png,0.133366,0.770109,135.705353,0.468750,low_white_high_dark;dark_border_low_white
ZhaomfJT,其1.png,fontdata_example/font/train/new/ZhaomfJT/images_white_bg_mask_denoised/其1.png,0.087198,0.785395,126.841515,0.495536,low_white_high_dark;dark_border_low_white
ZhaomfJT,初.png,fontdata_example/font/train/new/ZhaomfJT/images_white_bg_mask_denoised/初.png,0.278141,0.623799,159.375000,0.375000,low_white_high_dark;dark_border_low_white
ZhaomfJT,則.png,fontdata_example/font/train/new/ZhaomfJT/images_white_bg_mask_denoised/則.png,0.116844,0.777877,135.252228,0.470982,low_white_high_dark;dark_border_low_white
ZhaomfJT,動.png,fontdata_example/font/train/new/ZhaomfJT/images_white_bg_mask_denoised/動.png,0.093047,0.759342,119.575905,0.497768,low_white_high_dark;dark_border_low_white
ZhaomfJT,匏.png,fontdata_example/font/train/new/ZhaomfJT/images_white_bg_mask_denoised/匏.png,0.157829,0.695557,134.599335,0.473214,low_white_high_dark;dark_border_low_white
ZhaomfJT,北.png,fontdata_example/font/train/new/ZhaomfJT/images_white_bg_mask_denoised/北.png,0.180998,0.727011,135.517853,0.468750,low_white_high_dark;dark_border_low_white
ZhaomfJT,含.png,fontdata_example/font/train/new/ZhaomfJT/images_white_bg_mask_denoised/含.png,0.345833,0.571244,160.323654,0.372768,low_white_high_dark;dark_border_low_white
ZhaomfJT,域.png,fontdata_example/font/train/new/ZhaomfJT/images_white_bg_mask_denoised/域.png,0.126709,0.747394,137.279022,0.462054,low_white_high_dark;dark_border_low_white
ZhaomfJT,妃.png,fontdata_example/font/train/new/ZhaomfJT/images_white_bg_mask_denoised/妃.png,0.260438,0.650595,155.154022,0.392857,low_white_high_dark;dark_border_low_white
ZhaomfJT,娜.png,fontdata_example/font/train/new/ZhaomfJT/images_white_bg_mask_denoised/娜.png,0.270094,0.605872,151.578125,0.406250,low_white_high_dark;dark_border_low_white
ZhaomfJT,娲.png,fontdata_example/font/train/new/ZhaomfJT/images_white_bg_mask_denoised/娲.png,0.208989,0.681651,146.959824,0.424107,low_white_high_dark;dark_border_low_white
ZhaomfJT,婀.png,fontdata_example/font/train/new/ZhaomfJT/images_white_bg_mask_denoised/婀.png,0.197993,0.678028,147.236603,0.424107,low_white_high_dark;dark_border_low_white
ZhaomfJT,宋.png,fontdata_example/font/train/new/ZhaomfJT/images_white_bg_mask_denoised/宋.png,0.105987,0.803292,137.709824,0.459821,low_white_high_dark;dark_border_low_white
ZhaomfJT,宓.png,fontdata_example/font/train/new/ZhaomfJT/images_white_bg_mask_denoised/宓.png,0.153216,0.733498,138.651779,0.457589,low_white_high_dark;dark_border_low_white
ZhaomfJT,容.png,fontdata_example/font/train/new/ZhaomfJT/images_white_bg_mask_denoised/容.png,0.178586,0.688885,137.368301,0.462054,low_white_high_dark;dark_border_low_white
ZhaomfJT,對.png,fontdata_example/font/train/new/ZhaomfJT/images_white_bg_mask_denoised/對.png,0.175034,0.681177,136.939728,0.464286,low_white_high_dark;dark_border_low_white
ZhaomfJT,川.png,fontdata_example/font/train/new/ZhaomfJT/images_white_bg_mask_denoised/川.png,0.100651,0.841946,139.734375,0.453125,low_white_high_dark;dark_border_low_white
ZhaomfJT,师.png,fontdata_example/font/train/new/ZhaomfJT/images_white_bg_mask_denoised/师.png,0.270249,0.620705,155.816971,0.389509,low_white_high_dark;dark_border_low_white
ZhaomfJT,幽.png,fontdata_example/font/train/new/ZhaomfJT/images_white_bg_mask_denoised/幽.png,0.157207,0.709428,138.417404,0.457589,low_white_high_dark;dark_border_low_white
ZhaomfJT,序.png,fontdata_example/font/train/new/ZhaomfJT/images_white_bg_mask_denoised/序.png,0.163360,0.743279,145.376114,0.430804,low_white_high_dark;dark_border_low_white
ZhaomfJT,度.png,fontdata_example/font/train/new/ZhaomfJT/images_white_bg_mask_denoised/度.png,0.093984,0.781140,131.687500,0.484375,low_white_high_dark;dark_border_low_white
ZhaomfJT,延.png,fontdata_example/font/train/new/ZhaomfJT/images_white_bg_mask_denoised/延.png,0.187834,0.710952,142.167404,0.444196,low_white_high_dark;dark_border_low_white
ZhaomfJT,往.png,fontdata_example/font/train/new/ZhaomfJT/images_white_bg_mask_denoised/往.png,0.260443,0.637606,143.113846,0.439732,low_white_high_dark;dark_border_low_white
ZhaomfJT,微.png,fontdata_example/font/train/new/ZhaomfJT/images_white_bg_mask_denoised/微.png,0.181940,0.701600,135.181915,0.470982,low_white_high_dark;dark_border_low_white
ZhaomfJT,忘.png,fontdata_example/font/train/new/ZhaomfJT/images_white_bg_mask_denoised/忘.png,0.114248,0.758032,129.705353,0.491071,low_white_high_dark;dark_border_low_white
ZhaomfJT,怨.png,fontdata_example/font/train/new/ZhaomfJT/images_white_bg_mask_denoised/怨.png,0.085479,0.740399,83.879463,1.000000,low_white_high_dark;dark_border_low_white
ZhaomfJT,恨.png,fontdata_example/font/train/new/ZhaomfJT/images_white_bg_mask_denoised/恨.png,0.249288,0.635657,146.606033,0.426339,low_white_high_dark;dark_border_low_white
ZhaomfJT,悵.png,fontdata_example/font/train/new/ZhaomfJT/images_white_bg_mask_denoised/悵.png,0.217016,0.637267,142.924103,0.439732,low_white_high_dark;dark_border_low_white
ZhaomfJT,情.png,fontdata_example/font/train/new/ZhaomfJT/images_white_bg_mask_denoised/情.png,0.149853,0.735606,134.446426,0.473214,low_white_high_dark;dark_border_low_white
ZhaomfJT,愛.png,fontdata_example/font/train/new/ZhaomfJT/images_white_bg_mask_denoised/愛.png,0.093356,0.764265,60.274555,1.000000,low_white_high_dark;dark_border_low_white
ZhaomfJT,感.png,fontdata_example/font/train/new/ZhaomfJT/images_white_bg_mask_denoised/感.png,0.169199,0.696254,136.974335,0.464286,low_white_high_dark;dark_border_low_white
ZhaomfJT,拾.png,fontdata_example/font/train/new/ZhaomfJT/images_white_bg_mask_denoised/拾.png,0.237898,0.652613,148.742188,0.417411,low_white_high_dark;dark_border_low_white
ZhaomfJT,接.png,fontdata_example/font/train/new/ZhaomfJT/images_white_bg_mask_denoised/接.png,0.200195,0.661457,142.382812,0.441964,low_white_high_dark;dark_border_low_white
ZhaomfJT,掩.png,fontdata_example/font/train/new/ZhaomfJT/images_white_bg_mask_denoised/掩.png,0.211695,0.639145,140.620529,0.448661,low_white_high_dark;dark_border_low_white
ZhaomfJT,收.png,fontdata_example/font/train/new/ZhaomfJT/images_white_bg_mask_denoised/收.png,0.304269,0.599903,151.005585,0.408482,low_white_high_dark;dark_border_low_white
ZhaomfJT,斯.png,fontdata_example/font/train/new/ZhaomfJT/images_white_bg_mask_denoised/斯.png,0.193534,0.692313,147.512283,0.421875,low_white_high_dark;dark_border_low_white
ZhaomfJT,於.png,fontdata_example/font/train/new/ZhaomfJT/images_white_bg_mask_denoised/於.png,0.140346,0.752307,141.396210,0.446429,low_white_high_dark;dark_border_low_white
ZhaomfJT,是.png,fontdata_example/font/train/new/ZhaomfJT/images_white_bg_mask_denoised/是.png,0.325514,0.581947,157.071426,0.385045,low_white_high_dark;dark_border_low_white
ZhaomfJT,朝.png,fontdata_example/font/train/new/ZhaomfJT/images_white_bg_mask_denoised/朝.png,0.111747,0.719856,131.664062,0.484375,low_white_high_dark;dark_border_low_white
ZhaomfJT,期.png,fontdata_example/font/train/new/ZhaomfJT/images_white_bg_mask_denoised/期.png,0.138672,0.708073,137.462051,0.462054,low_white_high_dark;dark_border_low_white
ZhaomfJT,楚.png,fontdata_example/font/train/new/ZhaomfJT/images_white_bg_mask_denoised/楚.png,0.045385,0.808404,129.964279,0.491071,low_white_high_dark;dark_border_low_white
ZhaomfJT,榖.png,fontdata_example/font/train/new/ZhaomfJT/images_white_bg_mask_denoised/榖.png,0.205566,0.673031,141.910721,0.444196,low_white_high_dark;dark_border_low_white
ZhaomfJT,歌.png,fontdata_example/font/train/new/ZhaomfJT/images_white_bg_mask_denoised/歌.png,0.235740,0.644775,149.218750,0.415179,low_white_high_dark;dark_border_low_white
ZhaomfJT,歎.png,fontdata_example/font/train/new/ZhaomfJT/images_white_bg_mask_denoised/歎.png,0.129584,0.718939,134.236603,0.474330,low_white_high_dark;dark_border_low_white
ZhaomfJT,歸.png,fontdata_example/font/train/new/ZhaomfJT/images_white_bg_mask_denoised/歸.png,0.298016,0.586491,158.073654,0.381696,low_white_high_dark;dark_border_low_white
ZhaomfJT,氣.png,fontdata_example/font/train/new/ZhaomfJT/images_white_bg_mask_denoised/氣.png,0.084348,0.764913,126.994423,0.495536,low_white_high_dark;dark_border_low_white
ZhaomfJT,江.png,fontdata_example/font/train/new/ZhaomfJT/images_white_bg_mask_denoised/江.png,0.276028,0.646380,153.234375,0.399554,low_white_high_dark;dark_border_low_white
ZhaomfJT,泛.png,fontdata_example/font/train/new/ZhaomfJT/images_white_bg_mask_denoised/泛.png,0.147047,0.723573,131.897324,0.484375,low_white_high_dark;dark_border_low_white
ZhaomfJT,泛1.png,fontdata_example/font/train/new/ZhaomfJT/images_white_bg_mask_denoised/泛1.png,0.097128,0.807612,135.164062,0.470982,low_white_high_dark;dark_border_low_white
ZhaomfJT,波.png,fontdata_example/font/train/new/ZhaomfJT/images_white_bg_mask_denoised/波.png,0.283955,0.616071,148.397324,0.419643,low_white_high_dark;dark_border_low_white
ZhaomfJT,波1.png,fontdata_example/font/train/new/ZhaomfJT/images_white_bg_mask_denoised/波1.png,0.212796,0.689219,150.847092,0.409598,low_white_high_dark;dark_border_low_white
ZhaomfJT,洛.png,fontdata_example/font/train/new/ZhaomfJT/images_white_bg_mask_denoised/洛.png,0.306152,0.581553,156.694748,0.397321,low_white_high_dark;dark_border_low_white
ZhaomfJT,流.png,fontdata_example/font/train/new/ZhaomfJT/images_white_bg_mask_denoised/流.png,0.142209,0.739308,140.787949,0.448661,low_white_high_dark;dark_border_low_white
ZhaomfJT,涕.png,fontdata_example/font/train/new/ZhaomfJT/images_white_bg_mask_denoised/涕.png,0.224614,0.627501,140.315842,0.450893,low_white_high_dark;dark_border_low_white
ZhaomfJT,淚.png,fontdata_example/font/train/new/ZhaomfJT/images_white_bg_mask_denoised/淚.png,0.171028,0.715895,143.437500,0.438616,low_white_high_dark;dark_border_low_white
ZhaomfJT,清.png,fontdata_example/font/train/new/ZhaomfJT/images_white_bg_mask_denoised/清.png,0.238246,0.630750,148.174667,0.419643,low_white_high_dark;dark_border_low_white
ZhaomfJT,湘.png,fontdata_example/font/train/new/ZhaomfJT/images_white_bg_mask_denoised/湘.png,0.120710,0.750992,135.593750,0.468750,low_white_high_dark;dark_border_low_white
ZhaomfJT,漢.png,fontdata_example/font/train/new/ZhaomfJT/images_white_bg_mask_denoised/漢.png,0.090686,0.783009,133.046875,0.479911,low_white_high_dark;dark_border_low_white
ZhaomfJT,濟.png,fontdata_example/font/train/new/ZhaomfJT/images_white_bg_mask_denoised/濟.png,0.248854,0.662872,157.696426,0.381696,low_white_high_dark;dark_border_low_white
ZhaomfJT,無.png,fontdata_example/font/train/new/ZhaomfJT/images_white_bg_mask_denoised/無.png,0.249885,0.630550,148.350449,0.419643,low_white_high_dark;dark_border_low_white
ZhaomfJT,煩.png,fontdata_example/font/train/new/ZhaomfJT/images_white_bg_mask_denoised/煩.png,0.250777,0.609505,145.694199,0.429688,low_white_high_dark;dark_border_low_white
ZhaomfJT,爲.png,fontdata_example/font/train/new/ZhaomfJT/images_white_bg_mask_denoised/爲.png,0.212253,0.652269,141.138397,0.446429,low_white_high_dark;dark_border_low_white
ZhaomfJT,猗.png,fontdata_example/font/train/new/ZhaomfJT/images_white_bg_mask_denoised/猗.png,0.122843,0.726044,135.253342,0.470982,low_white_high_dark;dark_border_low_white
ZhaomfJT,献.png,fontdata_example/font/train/new/ZhaomfJT/images_white_bg_mask_denoised/献.png,0.291335,0.589899,145.343750,0.430804,low_white_high_dark;dark_border_low_white
ZhaomfJT,盛.png,fontdata_example/font/train/new/ZhaomfJT/images_white_bg_mask_denoised/盛.png,0.174929,0.709941,140.707596,0.448661,low_white_high_dark;dark_border_low_white
ZhaomfJT,神.png,fontdata_example/font/train/new/ZhaomfJT/images_white_bg_mask_denoised/神.png,0.247584,0.654820,148.678574,0.417411,low_white_high_dark;dark_border_low_white
ZhaomfJT,禽.png,fontdata_example/font/train/new/ZhaomfJT/images_white_bg_mask_denoised/禽.png,0.233951,0.658457,150.883926,0.408482,low_white_high_dark;dark_border_low_white
ZhaomfJT,秣.png,fontdata_example/font/train/new/ZhaomfJT/images_white_bg_mask_denoised/秣.png,0.127516,0.745037,139.189178,0.455357,low_white_high_dark;dark_border_low_white
ZhaomfJT,秷.png,fontdata_example/font/train/new/ZhaomfJT/images_white_bg_mask_denoised/秷.png,0.140032,0.698033,132.988846,0.479911,low_white_high_dark;dark_border_low_white
ZhaomfJT,精.png,fontdata_example/font/train/new/ZhaomfJT/images_white_bg_mask_denoised/精.png,0.118956,0.733383,136.623322,0.465402,low_white_high_dark;dark_border_low_white
ZhaomfJT,綱.png,fontdata_example/font/train/new/ZhaomfJT/images_white_bg_mask_denoised/綱.png,0.232561,0.610526,141.754471,0.444196,low_white_high_dark;dark_border_low_white
ZhaomfJT,纡.png,fontdata_example/font/train/new/ZhaomfJT/images_white_bg_mask_denoised/纡.png,0.174232,0.709991,134.279022,0.474330,low_white_high_dark;dark_border_low_white
ZhaomfJT,羅.png,fontdata_example/font/train/new/ZhaomfJT/images_white_bg_mask_denoised/羅.png,0.229731,0.617736,142.174667,0.446987,low_white_high_dark;dark_border_low_white
ZhaomfJT,羽.png,fontdata_example/font/train/new/ZhaomfJT/images_white_bg_mask_denoised/羽.png,0.148089,0.727225,137.385040,0.462054,low_white_high_dark;dark_border_low_white
ZhaomfJT,翔.png,fontdata_example/font/train/new/ZhaomfJT/images_white_bg_mask_denoised/翔.png,0.057109,0.788470,124.944199,0.497768,low_white_high_dark;dark_border_low_white
ZhaomfJT,背.png,fontdata_example/font/train/new/ZhaomfJT/images_white_bg_mask_denoised/背.png,0.367611,0.534399,164.558029,0.354911,low_white_high_dark;dark_border_low_white
ZhaomfJT,脩.png,fontdata_example/font/train/new/ZhaomfJT/images_white_bg_mask_denoised/脩.png,0.158253,0.665707,134.881699,0.470982,low_white_high_dark;dark_border_low_white
ZhaomfJT,舍.png,fontdata_example/font/train/new/ZhaomfJT/images_white_bg_mask_denoised/舍.png,0.264270,0.651761,153.495529,0.399554,low_white_high_dark;dark_border_low_white
ZhaomfJT,若.png,fontdata_example/font/train/new/ZhaomfJT/images_white_bg_mask_denoised/若.png,0.201301,0.651547,140.250000,0.450893,low_white_high_dark;dark_border_low_white
ZhaomfJT,莫.png,fontdata_example/font/train/new/ZhaomfJT/images_white_bg_mask_denoised/莫.png,0.128119,0.745257,134.930252,0.470982,low_white_high_dark;dark_border_low_white
ZhaomfJT,藩.png,fontdata_example/font/train/new/ZhaomfJT/images_white_bg_mask_denoised/藩.png,0.234908,0.637969,149.604904,0.415179,low_white_high_dark;dark_border_low_white
ZhaomfJT,袂.png,fontdata_example/font/train/new/ZhaomfJT/images_white_bg_mask_denoised/袂.png,0.197709,0.684809,143.207596,0.439732,low_white_high_dark;dark_border_low_white
ZhaomfJT,袖.png,fontdata_example/font/train/new/ZhaomfJT/images_white_bg_mask_denoised/袖.png,0.187575,0.707136,147.290176,0.424107,low_white_high_dark;dark_border_low_white
ZhaomfJT,袿.png,fontdata_example/font/train/new/ZhaomfJT/images_white_bg_mask_denoised/袿.png,0.135408,0.741978,132.479904,0.482143,low_white_high_dark;dark_border_low_white
ZhaomfJT,襟.png,fontdata_example/font/train/new/ZhaomfJT/images_white_bg_mask_denoised/襟.png,0.262376,0.614303,151.053574,0.408482,low_white_high_dark;dark_border_low_white
ZhaomfJT,言.png,fontdata_example/font/train/new/ZhaomfJT/images_white_bg_mask_denoised/言.png,0.114477,0.792236,138.595978,0.457589,low_white_high_dark;dark_border_low_white
ZhaomfJT,詞.png,fontdata_example/font/train/new/ZhaomfJT/images_white_bg_mask_denoised/詞.png,0.312365,0.592983,160.857147,0.370536,low_white_high_dark;dark_border_low_white
ZhaomfJT,賦.png,fontdata_example/font/train/new/ZhaomfJT/images_white_bg_mask_denoised/賦.png,0.226762,0.657795,152.405136,0.402902,low_white_high_dark;dark_border_low_white
ZhaomfJT,越.png,fontdata_example/font/train/new/ZhaomfJT/images_white_bg_mask_denoised/越.png,0.211236,0.674715,147.513397,0.421875,low_white_high_dark;dark_border_low_white
ZhaomfJT,踊.png,fontdata_example/font/train/new/ZhaomfJT/images_white_bg_mask_denoised/踊.png,0.230887,0.608727,135.834824,0.468750,low_white_high_dark;dark_border_low_white
ZhaomfJT,轅.png,fontdata_example/font/train/new/ZhaomfJT/images_white_bg_mask_denoised/轅.png,0.162722,0.673798,138.491074,0.457589,low_white_high_dark;dark_border_low_white
ZhaomfJT,轘.png,fontdata_example/font/train/new/ZhaomfJT/images_white_bg_mask_denoised/轘.png,0.232133,0.621622,145.649551,0.429688,low_white_high_dark;dark_border_low_white
ZhaomfJT,迅.png,fontdata_example/font/train/new/ZhaomfJT/images_white_bg_mask_denoised/迅.png,0.208775,0.685567,147.994415,0.420759,low_white_high_dark;dark_border_low_white
ZhaomfJT,迴.png,fontdata_example/font/train/new/ZhaomfJT/images_white_bg_mask_denoised/迴.png,0.351812,0.562734,166.294647,0.348214,low_white_high_dark;dark_border_low_white
ZhaomfJT,逝.png,fontdata_example/font/train/new/ZhaomfJT/images_white_bg_mask_denoised/逝.png,0.234539,0.662453,150.678574,0.410714,low_white_high_dark;dark_border_low_white
ZhaomfJT,遂.png,fontdata_example/font/train/new/ZhaomfJT/images_white_bg_mask_denoised/遂.png,0.117307,0.748635,135.694199,0.468750,low_white_high_dark;dark_border_low_white
ZhaomfJT,遊.png,fontdata_example/font/train/new/ZhaomfJT/images_white_bg_mask_denoised/遊.png,0.228879,0.661372,144.755585,0.433036,low_white_high_dark;dark_border_low_white
ZhaomfJT,道.png,fontdata_example/font/train/new/ZhaomfJT/images_white_bg_mask_denoised/道.png,0.154466,0.720434,136.882812,0.464286,low_white_high_dark;dark_border_low_white
ZhaomfJT,還.png,fontdata_example/font/train/new/ZhaomfJT/images_white_bg_mask_denoised/還.png,0.152179,0.741624,143.407364,0.438616,low_white_high_dark;dark_border_low_white
ZhaomfJT,陳.png,fontdata_example/font/train/new/ZhaomfJT/images_white_bg_mask_denoised/陳.png,0.130212,0.749218,138.285721,0.458705,low_white_high_dark;dark_border_low_white
ZhaomfJT,陵.png,fontdata_example/font/train/new/ZhaomfJT/images_white_bg_mask_denoised/陵.png,0.195402,0.679070,142.945312,0.439732,low_white_high_dark;dark_border_low_white
ZhaomfJT,雲.png,fontdata_example/font/train/new/ZhaomfJT/images_white_bg_mask_denoised/雲.png,0.131676,0.702916,133.109375,0.478795,low_white_high_dark;dark_border_low_white
ZhaomfJT,靡.png,fontdata_example/font/train/new/ZhaomfJT/images_white_bg_mask_denoised/靡.png,0.183320,0.668721,140.129471,0.450893,low_white_high_dark;dark_border_low_white
ZhaomfJT,飘.png,fontdata_example/font/train/new/ZhaomfJT/images_white_bg_mask_denoised/飘.png,0.289890,0.565066,153.808029,0.397321,low_white_high_dark;dark_border_low_white
ZhaomfJT,飡.png,fontdata_example/font/train/new/ZhaomfJT/images_white_bg_mask_denoised/飡.png,0.203638,0.690724,137.866074,0.459821,low_white_high_dark;dark_border_low_white
ZhaomfJT,首.png,fontdata_example/font/train/new/ZhaomfJT/images_white_bg_mask_denoised/首.png,0.142757,0.754285,139.861603,0.452009,low_white_high_dark;dark_border_low_white
ZhaomfJT,騰.png,fontdata_example/font/train/new/ZhaomfJT/images_white_bg_mask_denoised/騰.png,0.133540,0.683908,126.464287,0.495536,low_white_high_dark;dark_border_low_white
ZhaomfJT,鯢.png,fontdata_example/font/train/new/ZhaomfJT/images_white_bg_mask_denoised/鯢.png,0.303307,0.578010,160.785721,0.370536,low_white_high_dark;dark_border_low_white
ZhaomfJT,鳴.png,fontdata_example/font/train/new/ZhaomfJT/images_white_bg_mask_denoised/鳴.png,0.149035,0.735820,140.261154,0.450893,low_white_high_dark;dark_border_low_white
ZhaomfJT,黄.png,fontdata_example/font/train/new/ZhaomfJT/images_white_bg_mask_denoised/黄.png,0.238142,0.655293,145.877228,0.428571,low_white_high_dark;dark_border_low_white
ZhaomfJT,齋.png,fontdata_example/font/train/new/ZhaomfJT/images_white_bg_mask_denoised/齋.png,0.218446,0.682244,152.809158,0.401786,low_white_high_dark;dark_border_low_white
ZhaomfJT,龍.png,fontdata_example/font/train/new/ZhaomfJT/images_white_bg_mask_denoised/龍.png,0.159489,0.681989,133.276779,0.477679,low_white_high_dark;dark_border_low_white
